,checking_status,duration,credit_history,purpose,credit_amount,savings_status,employment,installment_commitment,personal_status,other_parties,residence_since,property_magnitude,age,other_payment_plans,housing,existing_credits,job,num_dependents,own_telephone,foreign_worker,class
0,0.0,6.0,4.0,3.0,1169.0,4.0,4.0,4.0,2.0,0.0,4.0,0.0,67.0,2.0,1.0,2.0,2.0,1.0,1.0,0.0,b'good'
1,1.0,48.0,2.0,3.0,5951.0,0.0,2.0,2.0,1.0,0.0,2.0,0.0,22.0,2.0,1.0,1.0,2.0,1.0,0.0,0.0,b'bad'
2,3.0,12.0,4.0,6.0,2096.0,0.0,3.0,2.0,2.0,0.0,3.0,0.0,49.0,2.0,1.0,1.0,1.0,2.0,0.0,0.0,b'good'
3,0.0,42.0,2.0,2.0,7882.0,0.0,3.0,2.0,2.0,2.0,4.0,1.0,45.0,2.0,2.0,1.0,2.0,2.0,0.0,0.0,b'good'
4,0.0,24.0,3.0,0.0,4870.0,0.0,2.0,3.0,2.0,0.0,4.0,3.0,53.0,2.0,2.0,2.0,2.0,2.0,0.0,0.0,b'bad'
5,3.0,36.0,2.0,6.0,9055.0,4.0,2.0,2.0,2.0,0.0,4.0,3.0,35.0,2.0,2.0,1.0,1.0,2.0,1.0,0.0,b'good'
6,3.0,24.0,2.0,2.0,2835.0,2.0,4.0,3.0,2.0,0.0,4.0,1.0,53.0,2.0,1.0,1.0,2.0,1.0,0.0,0.0,b'good'
7,1.0,36.0,2.0,1.0,6948.0,0.0,2.0,2.0,2.0,0.0,2.0,2.0,35.0,2.0,0.0,1.0,3.0,1.0,1.0,0.0,b'good'
8,3.0,12.0,2.0,3.0,3059.0,3.0,3.0,2.0,0.0,0.0,4.0,0.0,61.0,2.0,1.0,1.0,1.0,1.0,0.0,0.0,b'good'
9,1.0,30.0,4.0,0.0,5234.0,0.0,0.0,4.0,3.0,0.0,2.0,2.0,28.0,2.0,1.0,2.0,3.0,1.0,0.0,0.0,b'bad'
10,1.0,12.0,2.0,0.0,1295.0,0.0,1.0,3.0,1.0,0.0,1.0,2.0,25.0,2.0,0.0,1.0,2.0,1.0,0.0,0.0,b'bad'
11,0.0,48.0,2.0,9.0,4308.0,0.0,1.0,3.0,1.0,0.0,4.0,1.0,24.0,2.0,0.0,1.0,2.0,1.0,0.0,0.0,b'bad'
12,1.0,12.0,2.0,3.0,1567.0,0.0,2.0,1.0,1.0,0.0,1.0,2.0,22.0,2.0,1.0,1.0,2.0,1.0,1.0,0.0,b'good'
13,0.0,24.0,4.0,0.0,1199.0,0.0,4.0,4.0,2.0,0.0,4.0,2.0,60.0,2.0,1.0,2.0,1.0,1.0,0.0,0.0,b'bad'
14,0.0,15.0,2.0,0.0,1403.0,0.0,2.0,2.0,1.0,0.0,4.0,2.0,28.0,2.0,0.0,1.0,2.0,1.0,0.0,0.0,b'good'
15,0.0,24.0,2.0,3.0,1282.0,1.0,2.0,4.0,1.0,0.0,2.0,2.0,32.0,2.0,1.0,1.0,1.0,1.0,0.0,0.0,b'bad'
16,3.0,24.0,4.0,3.0,2424.0,4.0,4.0,4.0,2.0,0.0,4.0,1.0,53.0,2.0,1.0,2.0,2.0,1.0,0.0,0.0,b'good'
17,0.0,30.0,0.0,9.0,8072.0,4.0,1.0,2.0,2.0,0.0,3.0,2.0,25.0,0.0,1.0,3.0,2.0,1.0,0.0,0.0,b'good'
18,1.0,24.0,2.0,1.0,12579.0,0.0,4.0,4.0,1.0,0.0,2.0,3.0,44.0,2.0,2.0,1.0,3.0,1.0,1.0,0.0,b'bad'
19,3.0,24.0,2.0,3.0,3430.0,2.0,4.0,3.0,2.0,0.0,2.0,2.0,31.0,2.0,1.0,1.0,2.0,2.0,1.0,0.0,b'good'
20,3.0,9.0,4.0,0.0,2134.0,0.0,2.0,4.0,2.0,0.0,4.0,2.0,48.0,2.0,1.0,3.0,2.0,1.0,1.0,0.0,b'good'
21,0.0,6.0,2.0,3.0,2647.0,2.0,2.0,2.0,2.0,0.0,3.0,0.0,44.0,2.0,0.0,1.0,2.0,2.0,0.0,0.0,b'good'
22,0.0,10.0,4.0,0.0,2241.0,0.0,1.0,1.0,2.0,0.0,3.0,0.0,48.0,2.0,0.0,2.0,1.0,2.0,0.0,1.0,b'good'
23,1.0,12.0,4.0,1.0,1804.0,1.0,1.0,3.0,2.0,0.0,4.0,1.0,44.0,2.0,1.0,1.0,2.0,1.0,0.0,0.0,b'good'
24,3.0,10.0,4.0,2.0,2069.0,4.0,2.0,2.0,3.0,0.0,1.0,2.0,26.0,2.0,1.0,2.0,2.0,1.0,0.0,1.0,b'good'
25,0.0,6.0,2.0,2.0,1374.0,0.0,2.0,1.0,2.0,0.0,2.0,0.0,36.0,0.0,1.0,1.0,1.0,1.0,1.0,0.0,b'good'
26,3.0,6.0,0.0,3.0,426.0,0.0,4.0,4.0,3.0,0.0,4.0,2.0,39.0,2.0,1.0,1.0,1.0,1.0,0.0,0.0,b'good'
27,2.0,12.0,1.0,3.0,409.0,3.0,2.0,3.0,1.0,0.0,3.0,0.0,42.0,2.0,0.0,2.0,2.0,1.0,0.0,0.0,b'good'
28,1.0,7.0,2.0,3.0,2415.0,0.0,2.0,3.0,2.0,2.0,2.0,0.0,34.0,2.0,1.0,1.0,2.0,1.0,0.0,0.0,b'good'
29,0.0,60.0,3.0,9.0,6836.0,0.0,4.0,3.0,2.0,0.0,4.0,3.0,63.0,2.0,1.0,2.0,2.0,1.0,1.0,0.0,b'bad'
30,1.0,18.0,2.0,9.0,1913.0,3.0,1.0,3.0,3.0,0.0,3.0,0.0,36.0,0.0,1.0,1.0,2.0,1.0,1.0,0.0,b'good'
31,0.0,24.0,2.0,2.0,4020.0,0.0,2.0,2.0,2.0,0.0,2.0,2.0,27.0,1.0,1.0,1.0,2.0,1.0,0.0,0.0,b'good'
32,1.0,18.0,2.0,0.0,5866.0,1.0,2.0,2.0,2.0,0.0,2.0,2.0,30.0,2.0,1.0,2.0,2.0,1.0,1.0,0.0,b'good'
33,3.0,12.0,4.0,9.0,1264.0,4.0,4.0,4.0,2.0,0.0,4.0,3.0,57.0,2.0,0.0,1.0,1.0,1.0,0.0,0.0,b'good'
34,2.0,12.0,2.0,2.0,1474.0,0.0,1.0,4.0,1.0,0.0,1.0,1.0,33.0,0.0,1.0,1.0,3.0,1.0,1.0,0.0,b'good'
35,1.0,45.0,4.0,3.0,4746.0,0.0,1.0,4.0,2.0,0.0,2.0,1.0,25.0,2.0,1.0,2.0,1.0,1.0,0.0,0.0,b'bad'
36,3.0,48.0,4.0,6.0,6110.0,0.0,2.0,1.0,2.0,0.0,3.0,3.0,31.0,0.0,2.0,1.0,2.0,1.0,1.0,0.0,b'good'
37,2.0,18.0,2.0,3.0,2100.0,0.0,2.0,4.0,2.0,1.0,2.0,0.0,37.0,1.0,1.0,1.0,2.0,1.0,0.0,0.0,b'bad'
38,2.0,10.0,2.0,4.0,1225.0,0.0,2.0,2.0,2.0,0.0,2.0,2.0,37.0,2.0,1.0,1.0,2.0,1.0,1.0,0.0,b'good'
39,1.0,9.0,2.0,3.0,458.0,0.0,2.0,4.0,2.0,0.0,3.0,0.0,24.0,2.0,1.0,1.0,2.0,1.0,0.0,0.0,b'good'
40,3.0,30.0,2.0,3.0,2333.0,2.0,4.0,4.0,2.0,0.0,2.0,2.0,30.0,0.0,1.0,1.0,3.0,1.0,0.0,0.0,b'good'
41,1.0,12.0,2.0,3.0,1158.0,2.0,2.0,3.0,0.0,0.0,1.0,2.0,26.0,2.0,1.0,1.0,2.0,1.0,1.0,0.0,b'good'
42,1.0,18.0,3.0,5.0,6204.0,0.0,2.0,2.0,2.0,0.0,4.0,0.0,44.0,2.0,1.0,1.0,1.0,2.0,1.0,0.0,b'good'
43,0.0,30.0,4.0,1.0,6187.0,1.0,3.0,1.0,3.0,0.0,4.0,2.0,24.0,2.0,0.0,2.0,2.0,1.0,0.0,0.0,b'good'
44,0.0,48.0,4.0,1.0,6143.0,0.0,4.0,4.0,1.0,0.0,4.0,3.0,58.0,1.0,2.0,2.0,1.0,1.0,0.0,0.0,b'bad'
45,3.0,11.0,4.0,0.0,1393.0,0.0,1.0,4.0,1.0,0.0,4.0,2.0,35.0,2.0,1.0,2.0,3.0,1.0,0.0,0.0,b'good'
46,3.0,36.0,2.0,3.0,2299.0,2.0,4.0,4.0,2.0,0.0,4.0,2.0,39.0,2.0,1.0,1.0,2.0,1.0,0.0,0.0,b'good'
47,0.0,6.0,2.0,1.0,1352.0,2.0,0.0,1.0,1.0,0.0,2.0,1.0,23.0,2.0,0.0,1.0,0.0,1.0,1.0,0.0,b'good'
48,3.0,11.0,4.0,0.0,7228.0,0.0,2.0,1.0,2.0,0.0,4.0,1.0,39.0,2.0,1.0,2.0,1.0,1.0,0.0,0.0,b'good'
49,3.0,12.0,2.0,3.0,2073.0,1.0,2.0,4.0,1.0,1.0,2.0,0.0,28.0,2.0,1.0,1.0,2.0,1.0,0.0,0.0,b'good'
50,1.0,24.0,3.0,2.0,2333.0,4.0,1.0,4.0,2.0,0.0,2.0,1.0,29.0,0.0,1.0,1.0,1.0,1.0,0.0,0.0,b'good'
51,1.0,27.0,3.0,1.0,5965.0,0.0,4.0,1.0,2.0,0.0,2.0,2.0,30.0,2.0,1.0,2.0,3.0,1.0,1.0,0.0,b'good'
52,3.0,12.0,2.0,3.0,1262.0,0.0,2.0,3.0,2.0,0.0,2.0,2.0,25.0,2.0,1.0,1.0,2.0,1.0,0.0,0.0,b'good'
53,3.0,18.0,2.0,1.0,3378.0,4.0,2.0,2.0,2.0,0.0,1.0,1.0,31.0,2.0,1.0,1.0,2.0,1.0,1.0,0.0,b'good'
54,1.0,36.0,3.0,0.0,2225.0,0.0,4.0,4.0,2.0,0.0,4.0,3.0,57.0,0.0,2.0,2.0,2.0,1.0,1.0,0.0,b'bad'
55,3.0,6.0,1.0,0.0,783.0,4.0,2.0,1.0,2.0,2.0,2.0,0.0,26.0,1.0,1.0,1.0,1.0,2.0,0.0,0.0,b'good'
56,1.0,12.0,2.0,3.0,6468.0,4.0,0.0,2.0,2.0,0.0,1.0,3.0,52.0,2.0,1.0,1.0,3.0,1.0,1.0,0.0,b'bad'
57,3.0,36.0,4.0,3.0,9566.0,0.0,2.0,2.0,1.0,0.0,2.0,2.0,31.0,1.0,1.0,2.0,2.0,1.0,0.0,0.0,b'good'
58,2.0,18.0,2.0,0.0,1961.0,0.0,4.0,3.0,1.0,0.0,2.0,2.0,23.0,2.0,1.0,1.0,3.0,1.0,0.0,0.0,b'good'
59,0.0,36.0,4.0,2.0,6229.0,0.0,1.0,4.0,1.0,1.0,4.0,3.0,23.0,2.0,0.0,2.0,1.0,1.0,1.0,0.0,b'bad'
60,1.0,9.0,2.0,9.0,1391.0,0.0,2.0,2.0,3.0,0.0,1.0,0.0,27.0,0.0,1.0,1.0,2.0,1.0,1.0,0.0,b'good'
61,1.0,15.0,4.0,3.0,1537.0,4.0,4.0,4.0,2.0,2.0,4.0,0.0,50.0,2.0,1.0,2.0,2.0,1.0,1.0,0.0,b'good'
62,1.0,36.0,0.0,9.0,1953.0,0.0,4.0,4.0,2.0,0.0,4.0,3.0,61.0,2.0,2.0,1.0,3.0,1.0,1.0,0.0,b'bad'
63,1.0,48.0,0.0,9.0,14421.0,0.0,2.0,2.0,2.0,0.0,2.0,2.0,25.0,2.0,1.0,1.0,2.0,1.0,1.0,0.0,b'bad'
64,3.0,24.0,2.0,3.0,3181.0,0.0,1.0,4.0,1.0,0.0,4.0,1.0,26.0,2.0,1.0,1.0,2.0,1.0,1.0,0.0,b'good'
65,3.0,27.0,2.0,5.0,5190.0,4.0,4.0,4.0,2.0,0.0,4.0,1.0,48.0,2.0,1.0,4.0,2.0,2.0,1.0,0.0,b'good'
66,3.0,12.0,2.0,3.0,2171.0,0.0,1.0,2.0,1.0,0.0,2.0,2.0,29.0,0.0,1.0,1.0,2.0,1.0,0.0,0.0,b'good'
67,1.0,12.0,2.0,0.0,1007.0,3.0,2.0,4.0,3.0,0.0,1.0,0.0,22.0,2.0,1.0,1.0,2.0,1.0,0.0,0.0,b'good'
68,3.0,36.0,2.0,6.0,1819.0,0.0,2.0,4.0,2.0,0.0,4.0,3.0,37.0,1.0,2.0,1.0,2.0,1.0,1.0,0.0,b'bad'
69,3.0,36.0,2.0,3.0,2394.0,4.0,2.0,4.0,1.0,0.0,4.0,2.0,25.0,2.0,1.0,1.0,2.0,1.0,0.0,0.0,b'good'
70,3.0,36.0,2.0,1.0,8133.0,0.0,2.0,1.0,1.0,0.0,2.0,1.0,30.0,0.0,1.0,1.0,2.0,1.0,0.0,0.0,b'good'
71,3.0,7.0,4.0,3.0,730.0,4.0,4.0,4.0,2.0,0.0,2.0,1.0,46.0,2.0,0.0,2.0,1.0,1.0,1.0,0.0,b'good'
72,0.0,8.0,4.0,10.0,1164.0,0.0,4.0,3.0,2.0,0.0,4.0,3.0,51.0,0.0,2.0,2.0,3.0,2.0,1.0,0.0,b'good'
73,1.0,42.0,4.0,9.0,5954.0,0.0,3.0,2.0,1.0,0.0,1.0,0.0,41.0,0.0,1.0,2.0,1.0,1.0,0.0,0.0,b'good'
74,0.0,36.0,2.0,6.0,1977.0,4.0,4.0,4.0,2.0,0.0,4.0,3.0,40.0,2.0,1.0,1.0,3.0,1.0,1.0,0.0,b'bad'
75,0.0,12.0,4.0,1.0,1526.0,0.0,4.0,4.0,2.0,0.0,4.0,3.0,66.0,2.0,2.0,2.0,3.0,1.0,0.0,0.0,b'good'
76,0.0,42.0,2.0,3.0,3965.0,0.0,1.0,4.0,2.0,0.0,3.0,2.0,34.0,2.0,1.0,1.0,2.0,1.0,0.0,0.0,b'bad'
77,1.0,11.0,3.0,3.0,4771.0,0.0,3.0,2.0,2.0,0.0,4.0,1.0,51.0,2.0,1.0,1.0,2.0,1.0,0.0,0.0,b'good'
78,3.0,54.0,0.0,1.0,9436.0,4.0,2.0,2.0,2.0,0.0,2.0,1.0,39.0,2.0,1.0,1.0,1.0,2.0,0.0,0.0,b'good'
79,1.0,30.0,2.0,2.0,3832.0,0.0,1.0,2.0,3.0,0.0,1.0,1.0,22.0,2.0,1.0,1.0,2.0,1.0,0.0,0.0,b'good'
80,3.0,24.0,2.0,3.0,5943.0,4.0,1.0,1.0,1.0,0.0,1.0,2.0,44.0,2.0,1.0,2.0,2.0,1.0,1.0,0.0,b'bad'
81,3.0,15.0,2.0,3.0,1213.0,2.0,4.0,4.0,2.0,0.0,3.0,1.0,47.0,1.0,1.0,1.0,2.0,1.0,1.0,0.0,b'good'
82,3.0,18.0,2.0,9.0,1568.0,1.0,2.0,3.0,1.0,0.0,4.0,1.0,24.0,2.0,0.0,1.0,1.0,1.0,0.0,0.0,b'good'
83,0.0,24.0,2.0,10.0,1755.0,0.0,4.0,4.0,1.0,2.0,4.0,0.0,58.0,2.0,1.0,1.0,1.0,1.0,1.0,0.0,b'good'
84,0.0,10.0,2.0,3.0,2315.0,0.0,4.0,3.0,2.0,0.0,4.0,0.0,52.0,2.0,1.0,1.0,1.0,1.0,0.0,0.0,b'good'
85,3.0,12.0,4.0,9.0,1412.0,0.0,2.0,4.0,1.0,2.0,2.0,0.0,29.0,2.0,1.0,2.0,3.0,1.0,1.0,0.0,b'good'
86,1.0,18.0,4.0,2.0,1295.0,0.0,1.0,4.0,1.0,0.0,1.0,1.0,27.0,2.0,1.0,2.0,2.0,1.0,0.0,0.0,b'good'
87,1.0,36.0,2.0,6.0,12612.0,1.0,2.0,1.0,2.0,0.0,4.0,3.0,47.0,2.0,2.0,1.0,2.0,2.0,1.0,0.0,b'bad'
88,0.0,18.0,2.0,0.0,2249.0,1.0,3.0,4.0,2.0,0.0,3.0,2.0,30.0,2.0,1.0,1.0,3.0,2.0,1.0,0.0,b'good'
89,0.0,12.0,0.0,5.0,1108.0,0.0,3.0,4.0,2.0,0.0,3.0,0.0,28.0,2.0,1.0,2.0,2.0,1.0,0.0,0.0,b'bad'
90,3.0,12.0,4.0,3.0,618.0,0.0,4.0,4.0,2.0,0.0,4.0,0.0,56.0,2.0,1.0,1.0,2.0,1.0,0.0,0.0,b'good'
91,0.0,12.0,4.0,1.0,1409.0,0.0,4.0,4.0,2.0,0.0,3.0,0.0,54.0,2.0,1.0,1.0,2.0,1.0,0.0,0.0,b'good'
92,3.0,12.0,4.0,3.0,797.0,4.0,4.0,4.0,1.0,0.0,3.0,1.0,33.0,0.0,1.0,1.0,1.0,2.0,0.0,0.0,b'bad'
93,2.0,24.0,4.0,2.0,3617.0,4.0,4.0,4.0,2.0,1.0,4.0,3.0,20.0,2.0,0.0,2.0,2.0,1.0,0.0,0.0,b'good'
94,1.0,12.0,2.0,0.0,1318.0,3.0,4.0,4.0,2.0,0.0,4.0,0.0,54.0,2.0,1.0,1.0,2.0,1.0,1.0,0.0,b'good'
95,1.0,54.0,0.0,9.0,15945.0,0.0,1.0,3.0,2.0,0.0,4.0,3.0,58.0,2.0,0.0,1.0,2.0,1.0,1.0,0.0,b'bad'
96,3.0,12.0,4.0,6.0,2012.0,4.0,3.0,4.0,1.0,0.0,2.0,2.0,61.0,2.0,1.0,1.0,2.0,1.0,0.0,0.0,b'good'
97,1.0,18.0,2.0,9.0,2622.0,1.0,2.0,4.0,2.0,0.0,4.0,2.0,34.0,2.0,1.0,1.0,2.0,1.0,0.0,0.0,b'good'
98,1.0,36.0,4.0,3.0,2337.0,0.0,4.0,4.0,2.0,0.0,4.0,0.0,36.0,2.0,1.0,1.0,2.0,1.0,0.0,0.0,b'good'
99,1.0,20.0,3.0,1.0,7057.0,4.0,3.0,3.0,2.0,0.0,4.0,1.0,36.0,0.0,0.0,2.0,3.0,2.0,1.0,0.0,b'good'
100,3.0,24.0,2.0,0.0,1469.0,1.0,4.0,4.0,3.0,0.0,4.0,0.0,41.0,2.0,0.0,1.0,1.0,1.0,0.0,0.0,b'good'
101,1.0,36.0,2.0,3.0,2323.0,0.0,3.0,4.0,2.0,0.0,4.0,2.0,24.0,2.0,0.0,1.0,2.0,1.0,0.0,0.0,b'good'
102,3.0,6.0,3.0,3.0,932.0,0.0,2.0,3.0,1.0,0.0,2.0,0.0,24.0,2.0,1.0,1.0,2.0,1.0,0.0,0.0,b'good'
103,1.0,9.0,4.0,2.0,1919.0,0.0,3.0,4.0,2.0,0.0,3.0,2.0,35.0,2.0,0.0,1.0,2.0,1.0,1.0,0.0,b'good'
104,3.0,12.0,2.0,1.0,2445.0,4.0,1.0,2.0,3.0,0.0,4.0,2.0,26.0,2.0,0.0,1.0,2.0,1.0,1.0,0.0,b'good'
105,1.0,24.0,4.0,10.0,11938.0,0.0,2.0,2.0,2.0,1.0,3.0,2.0,39.0,2.0,1.0,2.0,3.0,2.0,1.0,0.0,b'bad'
106,3.0,18.0,1.0,0.0,6458.0,0.0,4.0,2.0,2.0,0.0,4.0,3.0,39.0,0.0,1.0,2.0,3.0,2.0,1.0,0.0,b'bad'
107,1.0,12.0,2.0,0.0,6078.0,0.0,3.0,2.0,2.0,0.0,2.0,2.0,32.0,2.0,1.0,1.0,2.0,1.0,0.0,0.0,b'good'
108,0.0,24.0,2.0,2.0,7721.0,4.0,1.0,1.0,1.0,0.0,2.0,1.0,30.0,2.0,1.0,1.0,2.0,1.0,1.0,1.0,b'good'
109,1.0,14.0,2.0,9.0,1410.0,2.0,4.0,1.0,3.0,0.0,2.0,0.0,35.0,2.0,1.0,1.0,2.0,1.0,1.0,0.0,b'good'
110,1.0,6.0,3.0,9.0,1449.0,1.0,4.0,1.0,0.0,0.0,2.0,2.0,31.0,0.0,1.0,2.0,2.0,2.0,0.0,0.0,b'good'
111,2.0,15.0,2.0,6.0,392.0,0.0,1.0,4.0,1.0,0.0,4.0,1.0,23.0,2.0,0.0,1.0,2.0,1.0,1.0,0.0,b'good'
112,1.0,18.0,2.0,0.0,6260.0,0.0,3.0,3.0,2.0,0.0,3.0,0.0,28.0,2.0,0.0,1.0,1.0,1.0,0.0,0.0,b'good'
113,3.0,36.0,4.0,0.0,7855.0,0.0,2.0,4.0,1.0,0.0,2.0,0.0,25.0,1.0,1.0,2.0,2.0,1.0,1.0,0.0,b'bad'
114,0.0,12.0,2.0,3.0,1680.0,2.0,4.0,3.0,3.0,0.0,1.0,0.0,35.0,2.0,1.0,1.0,2.0,1.0,0.0,0.0,b'good'
115,3.0,48.0,4.0,3.0,3578.0,4.0,4.0,4.0,2.0,0.0,1.0,0.0,47.0,2.0,1.0,1.0,2.0,1.0,1.0,0.0,b'good'
116,0.0,42.0,2.0,3.0,7174.0,4.0,3.0,4.0,1.0,0.0,3.0,2.0,30.0,2.0,1.0,1.0,3.0,1.0,1.0,0.0,b'bad'
117,0.0,10.0,4.0,2.0,2132.0,4.0,1.0,2.0,1.0,1.0,3.0,0.0,27.0,2.0,0.0,2.0,2.0,1.0,0.0,1.0,b'good'
118,0.0,33.0,4.0,2.0,4281.0,2.0,2.0,1.0,1.0,0.0,4.0,2.0,23.0,2.0,1.0,2.0,2.0,1.0,0.0,0.0,b'bad'
119,1.0,12.0,4.0,0.0,2366.0,2.0,3.0,3.0,0.0,0.0,3.0,2.0,36.0,2.0,1.0,1.0,3.0,1.0,1.0,0.0,b'good'
120,0.0,21.0,2.0,3.0,1835.0,0.0,2.0,3.0,1.0,0.0,2.0,0.0,25.0,2.0,1.0,2.0,2.0,1.0,1.0,0.0,b'bad'
121,3.0,24.0,4.0,1.0,3868.0,0.0,4.0,4.0,1.0,0.0,2.0,2.0,41.0,2.0,0.0,2.0,3.0,1.0,1.0,0.0,b'good'
122,3.0,12.0,2.0,2.0,1768.0,0.0,2.0,3.0,2.0,0.0,2.0,0.0,24.0,2.0,0.0,1.0,1.0,1.0,0.0,0.0,b'good'
123,2.0,10.0,4.0,0.0,781.0,0.0,4.0,4.0,2.0,0.0,4.0,3.0,63.0,2.0,2.0,2.0,2.0,1.0,1.0,0.0,b'good'
124,1.0,18.0,2.0,2.0,1924.0,4.0,1.0,4.0,1.0,0.0,3.0,0.0,27.0,2.0,0.0,1.0,2.0,1.0,0.0,0.0,b'bad'
125,0.0,12.0,4.0,0.0,2121.0,0.0,2.0,4.0,2.0,0.0,2.0,1.0,30.0,2.0,1.0,2.0,2.0,1.0,0.0,0.0,b'good'
126,0.0,12.0,2.0,3.0,701.0,0.0,2.0,4.0,3.0,0.0,2.0,0.0,40.0,2.0,1.0,1.0,1.0,1.0,0.0,0.0,b'good'
127,1.0,12.0,2.0,5.0,639.0,0.0,2.0,4.0,2.0,0.0,2.0,2.0,30.0,2.0,1.0,1.0,2.0,1.0,0.0,0.0,b'bad'
128,1.0,12.0,4.0,1.0,1860.0,0.0,0.0,4.0,2.0,0.0,2.0,2.0,34.0,2.0,1.0,2.0,3.0,1.0,1.0,0.0,b'good'
129,0.0,12.0,4.0,0.0,3499.0,0.0,2.0,3.0,1.0,1.0,2.0,0.0,29.0,2.0,1.0,2.0,2.0,1.0,0.0,0.0,b'bad'
130,1.0,48.0,2.0,0.0,8487.0,4.0,3.0,1.0,1.0,0.0,2.0,2.0,24.0,2.0,1.0,1.0,2.0,1.0,0.0,0.0,b'good'
131,0.0,36.0,3.0,6.0,6887.0,0.0,2.0,4.0,2.0,0.0,3.0,1.0,29.0,1.0,1.0,1.0,2.0,1.0,1.0,0.0,b'bad'
132,3.0,15.0,2.0,2.0,2708.0,0.0,1.0,2.0,2.0,0.0,3.0,1.0,27.0,0.0,1.0,2.0,1.0,1.0,0.0,0.0,b'good'
133,3.0,18.0,2.0,2.0,1984.0,0.0,2.0,4.0,2.0,0.0,4.0,3.0,47.0,0.0,2.0,2.0,2.0,1.0,0.0,0.0,b'good'
134,3.0,60.0,2.0,3.0,10144.0,1.0,3.0,2.0,1.0,0.0,4.0,0.0,21.0,2.0,1.0,1.0,2.0,1.0,1.0,0.0,b'good'
135,3.0,12.0,4.0,3.0,1240.0,4.0,4.0,4.0,1.0,0.0,2.0,0.0,38.0,2.0,1.0,2.0,2.0,1.0,1.0,0.0,b'good'
136,3.0,27.0,3.0,1.0,8613.0,3.0,2.0,2.0,2.0,0.0,2.0,2.0,27.0,2.0,1.0,2.0,2.0,1.0,0.0,0.0,b'good'
137,1.0,12.0,2.0,3.0,766.0,2.0,2.0,4.0,2.0,0.0,3.0,0.0,66.0,2.0,1.0,1.0,1.0,1.0,0.0,0.0,b'bad'
138,1.0,15.0,4.0,3.0,2728.0,4.0,3.0,4.0,2.0,2.0,2.0,0.0,35.0,0.0,1.0,3.0,2.0,1.0,1.0,0.0,b'good'
139,2.0,12.0,2.0,3.0,1881.0,0.0,2.0,2.0,1.0,0.0,2.0,2.0,44.0,2.0,0.0,1.0,1.0,1.0,1.0,0.0,b'good'
140,2.0,6.0,2.0,0.0,709.0,3.0,1.0,2.0,3.0,0.0,2.0,0.0,27.0,2.0,1.0,1.0,0.0,1.0,0.0,1.0,b'good'
141,1.0,36.0,2.0,3.0,4795.0,0.0,1.0,4.0,1.0,0.0,1.0,3.0,30.0,2.0,1.0,1.0,3.0,1.0,1.0,0.0,b'good'
142,0.0,27.0,2.0,3.0,3416.0,0.0,2.0,3.0,2.0,0.0,2.0,2.0,27.0,2.0,1.0,1.0,3.0,1.0,0.0,0.0,b'good'
143,0.0,18.0,2.0,2.0,2462.0,0.0,2.0,2.0,2.0,0.0,2.0,2.0,22.0,2.0,1.0,1.0,2.0,1.0,0.0,0.0,b'bad'
144,3.0,21.0,4.0,2.0,2288.0,0.0,1.0,4.0,1.0,0.0,4.0,1.0,23.0,2.0,1.0,1.0,2.0,1.0,1.0,0.0,b'good'
145,1.0,48.0,1.0,9.0,3566.0,1.0,3.0,4.0,2.0,0.0,2.0,2.0,30.0,2.0,1.0,1.0,2.0,1.0,0.0,0.0,b'good'
146,0.0,6.0,4.0,0.0,860.0,0.0,4.0,1.0,1.0,0.0,4.0,3.0,39.0,2.0,1.0,2.0,2.0,1.0,1.0,0.0,b'good'
147,3.0,12.0,4.0,0.0,682.0,1.0,3.0,4.0,1.0,0.0,3.0,2.0,51.0,2.0,1.0,2.0,2.0,1.0,1.0,0.0,b'good'
148,0.0,36.0,4.0,2.0,5371.0,0.0,2.0,3.0,2.0,2.0,2.0,1.0,28.0,2.0,1.0,2.0,2.0,1.0,0.0,0.0,b'good'
149,3.0,18.0,4.0,3.0,1582.0,3.0,4.0,4.0,2.0,0.0,4.0,2.0,46.0,2.0,1.0,2.0,2.0,1.0,0.0,0.0,b'good'
150,3.0,6.0,2.0,3.0,1346.0,1.0,4.0,2.0,2.0,0.0,4.0,3.0,42.0,0.0,2.0,1.0,2.0,2.0,1.0,0.0,b'good'
151,3.0,10.0,2.0,3.0,1924.0,0.0,2.0,1.0,2.0,0.0,4.0,1.0,38.0,2.0,1.0,1.0,2.0,1.0,1.0,1.0,b'good'
152,2.0,36.0,2.0,3.0,5848.0,0.0,2.0,4.0,2.0,0.0,1.0,2.0,24.0,2.0,1.0,1.0,2.0,1.0,0.0,0.0,b'good'
153,1.0,24.0,4.0,1.0,7758.0,3.0,4.0,2.0,1.0,0.0,4.0,3.0,29.0,2.0,0.0,1.0,2.0,1.0,0.0,0.0,b'good'
154,1.0,24.0,3.0,9.0,6967.0,1.0,3.0,4.0,2.0,0.0,4.0,2.0,36.0,2.0,0.0,1.0,3.0,1.0,1.0,0.0,b'good'
155,0.0,12.0,2.0,2.0,1282.0,0.0,2.0,2.0,1.0,0.0,4.0,2.0,20.0,2.0,0.0,1.0,2.0,1.0,0.0,0.0,b'bad'
156,0.0,9.0,4.0,5.0,1288.0,1.0,4.0,3.0,2.0,2.0,4.0,0.0,48.0,2.0,1.0,2.0,2.0,2.0,0.0,1.0,b'good'
157,0.0,12.0,1.0,8.0,339.0,0.0,4.0,4.0,3.0,0.0,1.0,2.0,45.0,0.0,1.0,1.0,1.0,1.0,0.0,0.0,b'good'
158,1.0,24.0,2.0,0.0,3512.0,1.0,3.0,2.0,2.0,0.0,3.0,2.0,38.0,0.0,1.0,2.0,2.0,1.0,1.0,0.0,b'good'
159,3.0,6.0,4.0,3.0,1898.0,4.0,2.0,1.0,2.0,0.0,2.0,0.0,34.0,2.0,1.0,2.0,1.0,2.0,0.0,0.0,b'good'
160,3.0,24.0,4.0,3.0,2872.0,1.0,4.0,3.0,2.0,0.0,4.0,0.0,36.0,2.0,1.0,1.0,2.0,2.0,1.0,0.0,b'good'
161,3.0,18.0,4.0,0.0,1055.0,0.0,1.0,4.0,1.0,0.0,1.0,1.0,30.0,2.0,1.0,2.0,2.0,1.0,0.0,0.0,b'good'
162,3.0,15.0,2.0,4.0,1262.0,2.0,3.0,4.0,2.0,0.0,3.0,1.0,36.0,2.0,1.0,2.0,2.0,1.0,1.0,0.0,b'good'
163,1.0,10.0,2.0,0.0,7308.0,0.0,0.0,2.0,2.0,0.0,4.0,3.0,70.0,0.0,2.0,1.0,3.0,1.0,1.0,0.0,b'good'
164,3.0,36.0,2.0,0.0,909.0,2.0,4.0,4.0,2.0,0.0,4.0,1.0,36.0,2.0,1.0,1.0,2.0,1.0,0.0,0.0,b'good'
165,3.0,6.0,2.0,2.0,2978.0,2.0,2.0,1.0,2.0,0.0,2.0,2.0,32.0,2.0,1.0,1.0,2.0,1.0,1.0,0.0,b'good'
166,0.0,18.0,2.0,2.0,1131.0,0.0,0.0,4.0,1.0,0.0,2.0,2.0,33.0,2.0,1.0,1.0,2.0,1.0,0.0,0.0,b'bad'
167,1.0,11.0,2.0,2.0,1577.0,3.0,1.0,4.0,1.0,0.0,1.0,0.0,20.0,2.0,1.0,1.0,2.0,1.0,0.0,0.0,b'good'
168,3.0,24.0,2.0,2.0,3972.0,0.0,3.0,2.0,1.0,0.0,4.0,1.0,25.0,2.0,0.0,1.0,2.0,1.0,1.0,0.0,b'good'
169,1.0,24.0,4.0,9.0,1935.0,0.0,4.0,4.0,0.0,0.0,4.0,0.0,31.0,2.0,1.0,2.0,2.0,1.0,1.0,0.0,b'bad'
170,0.0,15.0,0.0,0.0,950.0,0.0,4.0,4.0,2.0,0.0,3.0,2.0,33.0,2.0,0.0,2.0,2.0,2.0,0.0,0.0,b'bad'
171,3.0,12.0,2.0,2.0,763.0,0.0,2.0,4.0,1.0,0.0,1.0,0.0,26.0,2.0,1.0,1.0,2.0,1.0,1.0,0.0,b'good'
172,1.0,24.0,3.0,2.0,2064.0,0.0,0.0,3.0,1.0,0.0,2.0,1.0,34.0,2.0,1.0,1.0,3.0,1.0,1.0,0.0,b'bad'
173,1.0,8.0,2.0,3.0,1414.0,0.0,2.0,4.0,2.0,2.0,2.0,0.0,33.0,2.0,1.0,1.0,2.0,1.0,0.0,1.0,b'good'
174,0.0,21.0,3.0,6.0,3414.0,0.0,1.0,2.0,2.0,0.0,1.0,1.0,26.0,2.0,1.0,2.0,2.0,1.0,0.0,0.0,b'bad'
175,3.0,30.0,1.0,1.0,7485.0,4.0,0.0,4.0,1.0,0.0,1.0,0.0,53.0,0.0,1.0,1.0,3.0,1.0,1.0,0.0,b'bad'
176,0.0,12.0,2.0,2.0,2577.0,0.0,2.0,2.0,0.0,0.0,1.0,2.0,42.0,2.0,1.0,1.0,2.0,1.0,0.0,0.0,b'good'
177,0.0,6.0,4.0,3.0,338.0,2.0,4.0,4.0,2.0,0.0,4.0,2.0,52.0,2.0,1.0,2.0,2.0,1.0,0.0,0.0,b'good'
178,3.0,12.0,2.0,3.0,1963.0,0.0,3.0,4.0,2.0,0.0,2.0,2.0,31.0,2.0,0.0,2.0,3.0,2.0,1.0,0.0,b'good'
179,0.0,21.0,4.0,0.0,571.0,0.0,4.0,4.0,2.0,0.0,4.0,0.0,65.0,2.0,1.0,2.0,2.0,1.0,0.0,0.0,b'good'
180,3.0,36.0,3.0,9.0,9572.0,0.0,1.0,1.0,0.0,0.0,1.0,2.0,28.0,2.0,1.0,2.0,2.0,1.0,0.0,0.0,b'bad'
181,1.0,36.0,3.0,9.0,4455.0,0.0,2.0,2.0,0.0,0.0,2.0,0.0,30.0,1.0,1.0,2.0,3.0,1.0,1.0,0.0,b'bad'
182,0.0,21.0,1.0,0.0,1647.0,4.0,2.0,4.0,2.0,0.0,2.0,1.0,40.0,2.0,1.0,2.0,1.0,2.0,0.0,0.0,b'bad'
183,3.0,24.0,4.0,2.0,3777.0,3.0,2.0,4.0,2.0,0.0,4.0,0.0,50.0,2.0,1.0,1.0,2.0,1.0,1.0,0.0,b'good'
184,1.0,18.0,4.0,0.0,884.0,0.0,4.0,4.0,2.0,0.0,4.0,2.0,36.0,0.0,1.0,1.0,2.0,2.0,1.0,0.0,b'bad'
185,3.0,15.0,4.0,3.0,1360.0,0.0,2.0,4.0,2.0,0.0,2.0,1.0,31.0,2.0,1.0,2.0,2.0,1.0,0.0,0.0,b'good'
186,1.0,9.0,1.0,1.0,5129.0,0.0,4.0,2.0,1.0,0.0,4.0,3.0,74.0,0.0,2.0,1.0,3.0,2.0,1.0,0.0,b'bad'
187,1.0,16.0,4.0,0.0,1175.0,0.0,0.0,2.0,2.0,0.0,3.0,2.0,68.0,2.0,2.0,3.0,0.0,1.0,1.0,0.0,b'good'
188,0.0,12.0,2.0,3.0,674.0,1.0,3.0,4.0,3.0,0.0,1.0,1.0,20.0,2.0,1.0,1.0,2.0,1.0,0.0,0.0,b'bad'
189,1.0,18.0,0.0,2.0,3244.0,0.0,2.0,1.0,1.0,0.0,4.0,2.0,33.0,0.0,1.0,2.0,2.0,1.0,1.0,0.0,b'good'
190,3.0,24.0,2.0,9.0,4591.0,3.0,2.0,2.0,2.0,0.0,3.0,1.0,54.0,2.0,1.0,3.0,3.0,1.0,1.0,0.0,b'bad'
191,1.0,48.0,0.0,9.0,3844.0,1.0,3.0,4.0,2.0,0.0,4.0,3.0,34.0,2.0,2.0,1.0,1.0,2.0,0.0,0.0,b'bad'
192,1.0,27.0,2.0,9.0,3915.0,0.0,2.0,4.0,2.0,0.0,2.0,2.0,36.0,2.0,1.0,1.0,2.0,2.0,1.0,0.0,b'bad'
193,3.0,6.0,2.0,3.0,2108.0,0.0,3.0,2.0,3.0,0.0,2.0,0.0,29.0,2.0,0.0,1.0,2.0,1.0,0.0,0.0,b'good'
194,1.0,45.0,2.0,3.0,3031.0,1.0,2.0,4.0,2.0,2.0,4.0,1.0,21.0,2.0,0.0,1.0,2.0,1.0,0.0,0.0,b'bad'
195,1.0,9.0,4.0,6.0,1501.0,0.0,4.0,2.0,1.0,0.0,3.0,2.0,34.0,2.0,1.0,2.0,3.0,1.0,1.0,0.0,b'bad'
196,3.0,6.0,4.0,3.0,1382.0,0.0,2.0,1.0,1.0,0.0,1.0,2.0,28.0,2.0,1.0,2.0,2.0,1.0,1.0,0.0,b'good'
197,1.0,12.0,2.0,2.0,951.0,1.0,1.0,4.0,1.0,0.0,4.0,2.0,27.0,0.0,0.0,4.0,2.0,1.0,0.0,0.0,b'bad'
198,1.0,24.0,2.0,1.0,2760.0,4.0,4.0,4.0,2.0,0.0,4.0,3.0,36.0,0.0,2.0,1.0,2.0,1.0,1.0,0.0,b'good'
199,1.0,18.0,3.0,2.0,4297.0,0.0,4.0,4.0,0.0,0.0,3.0,3.0,40.0,2.0,1.0,1.0,3.0,1.0,1.0,0.0,b'bad'
200,3.0,9.0,4.0,6.0,936.0,2.0,4.0,4.0,2.0,0.0,2.0,2.0,52.0,2.0,1.0,2.0,2.0,1.0,1.0,0.0,b'good'
201,0.0,12.0,2.0,0.0,1168.0,0.0,2.0,4.0,3.0,0.0,3.0,0.0,27.0,2.0,1.0,1.0,1.0,1.0,0.0,0.0,b'good'
202,3.0,27.0,3.0,9.0,5117.0,0.0,3.0,3.0,2.0,0.0,4.0,2.0,26.0,2.0,1.0,2.0,2.0,1.0,0.0,0.0,b'good'
203,0.0,12.0,2.0,8.0,902.0,0.0,3.0,4.0,3.0,0.0,4.0,1.0,21.0,2.0,0.0,1.0,2.0,1.0,0.0,0.0,b'bad'
204,3.0,12.0,4.0,0.0,1495.0,0.0,4.0,4.0,2.0,0.0,1.0,0.0,38.0,2.0,1.0,2.0,1.0,2.0,0.0,0.0,b'good'
205,0.0,30.0,4.0,1.0,10623.0,0.0,4.0,3.0,2.0,0.0,4.0,3.0,38.0,2.0,2.0,3.0,3.0,2.0,1.0,0.0,b'good'
206,3.0,12.0,4.0,2.0,1935.0,0.0,4.0,4.0,2.0,0.0,4.0,0.0,43.0,2.0,1.0,3.0,2.0,1.0,1.0,0.0,b'good'
207,1.0,12.0,4.0,4.0,1424.0,0.0,3.0,4.0,2.0,0.0,3.0,1.0,26.0,2.0,1.0,1.0,2.0,1.0,0.0,0.0,b'good'
208,0.0,24.0,2.0,9.0,6568.0,0.0,2.0,2.0,3.0,0.0,2.0,2.0,21.0,1.0,1.0,1.0,1.0,1.0,0.0,0.0,b'good'
209,3.0,12.0,2.0,1.0,1413.0,3.0,3.0,3.0,2.0,0.0,2.0,1.0,55.0,2.0,1.0,1.0,2.0,1.0,0.0,1.0,b'good'
210,3.0,9.0,4.0,3.0,3074.0,4.0,2.0,1.0,2.0,0.0,2.0,0.0,33.0,2.0,1.0,2.0,2.0,2.0,0.0,0.0,b'good'
211,3.0,36.0,2.0,3.0,3835.0,4.0,4.0,2.0,1.0,0.0,4.0,0.0,45.0,2.0,1.0,1.0,1.0,1.0,1.0,0.0,b'good'
212,0.0,27.0,0.0,9.0,5293.0,0.0,0.0,2.0,2.0,0.0,4.0,1.0,50.0,1.0,1.0,2.0,2.0,1.0,1.0,0.0,b'bad'
213,2.0,30.0,3.0,9.0,1908.0,0.0,4.0,4.0,2.0,0.0,4.0,0.0,66.0,2.0,1.0,1.0,3.0,1.0,1.0,0.0,b'bad'
214,3.0,36.0,4.0,3.0,3342.0,4.0,4.0,4.0,2.0,0.0,2.0,2.0,51.0,2.0,1.0,1.0,2.0,1.0,1.0,0.0,b'good'
215,1.0,6.0,4.0,8.0,932.0,4.0,3.0,1.0,1.0,0.0,3.0,1.0,39.0,2.0,1.0,2.0,1.0,1.0,0.0,0.0,b'good'
216,0.0,18.0,0.0,9.0,3104.0,0.0,3.0,3.0,2.0,0.0,1.0,1.0,31.0,0.0,1.0,1.0,2.0,1.0,1.0,0.0,b'good'
217,2.0,36.0,2.0,3.0,3913.0,0.0,2.0,2.0,2.0,0.0,2.0,0.0,23.0,2.0,1.0,1.0,2.0,1.0,1.0,0.0,b'good'
218,0.0,24.0,2.0,2.0,3021.0,0.0,2.0,2.0,0.0,0.0,2.0,0.0,24.0,2.0,0.0,1.0,1.0,1.0,0.0,0.0,b'good'
219,3.0,10.0,2.0,0.0,1364.0,0.0,2.0,2.0,1.0,0.0,4.0,2.0,64.0,2.0,1.0,1.0,2.0,1.0,1.0,0.0,b'good'
220,1.0,12.0,2.0,3.0,625.0,0.0,1.0,4.0,3.0,2.0,1.0,0.0,26.0,0.0,1.0,1.0,1.0,1.0,0.0,0.0,b'good'
221,0.0,12.0,2.0,6.0,1200.0,4.0,2.0,4.0,1.0,0.0,4.0,1.0,23.0,0.0,0.0,1.0,2.0,1.0,1.0,0.0,b'good'
222,3.0,12.0,2.0,3.0,707.0,0.0,2.0,4.0,2.0,0.0,2.0,0.0,30.0,0.0,1.0,2.0,2.0,1.0,0.0,0.0,b'good'
223,3.0,24.0,3.0,9.0,2978.0,4.0,2.0,4.0,2.0,0.0,4.0,0.0,32.0,2.0,1.0,2.0,2.0,2.0,1.0,0.0,b'good'
224,3.0,15.0,2.0,1.0,4657.0,0.0,2.0,3.0,2.0,0.0,2.0,2.0,30.0,2.0,1.0,1.0,2.0,1.0,1.0,0.0,b'good'
225,3.0,36.0,0.0,5.0,2613.0,0.0,2.0,4.0,2.0,0.0,2.0,2.0,27.0,2.0,1.0,2.0,2.0,1.0,0.0,0.0,b'good'
226,1.0,48.0,2.0,3.0,10961.0,3.0,3.0,1.0,2.0,1.0,2.0,3.0,27.0,0.0,1.0,2.0,2.0,1.0,1.0,0.0,b'bad'
227,0.0,12.0,2.0,2.0,7865.0,0.0,4.0,4.0,2.0,0.0,4.0,3.0,53.0,2.0,2.0,1.0,3.0,1.0,1.0,0.0,b'bad'
228,3.0,9.0,2.0,3.0,1478.0,0.0,3.0,4.0,2.0,0.0,2.0,2.0,22.0,2.0,1.0,1.0,2.0,1.0,0.0,0.0,b'bad'
229,0.0,24.0,2.0,2.0,3149.0,0.0,1.0,4.0,2.0,0.0,1.0,3.0,22.0,0.0,2.0,1.0,2.0,1.0,0.0,0.0,b'good'
230,2.0,36.0,2.0,3.0,4210.0,0.0,2.0,4.0,2.0,0.0,2.0,2.0,26.0,2.0,1.0,1.0,2.0,1.0,0.0,0.0,b'bad'
231,3.0,9.0,2.0,0.0,2507.0,2.0,4.0,2.0,2.0,0.0,4.0,3.0,51.0,2.0,2.0,1.0,1.0,1.0,0.0,0.0,b'good'
232,3.0,12.0,2.0,3.0,2141.0,1.0,3.0,3.0,2.0,0.0,1.0,3.0,35.0,2.0,1.0,1.0,2.0,1.0,0.0,0.0,b'good'
233,1.0,18.0,2.0,3.0,866.0,0.0,2.0,4.0,3.0,2.0,2.0,0.0,25.0,2.0,1.0,1.0,1.0,1.0,0.0,0.0,b'good'
234,3.0,4.0,4.0,3.0,1544.0,0.0,3.0,2.0,2.0,0.0,1.0,0.0,42.0,2.0,1.0,3.0,1.0,2.0,0.0,0.0,b'good'
235,0.0,24.0,2.0,3.0,1823.0,0.0,0.0,4.0,2.0,0.0,2.0,2.0,30.0,1.0,1.0,1.0,3.0,2.0,0.0,0.0,b'bad'
236,1.0,6.0,2.0,0.0,14555.0,4.0,0.0,1.0,2.0,0.0,2.0,1.0,23.0,2.0,1.0,1.0,0.0,1.0,1.0,0.0,b'bad'
237,1.0,21.0,2.0,9.0,2767.0,1.0,4.0,4.0,0.0,0.0,2.0,2.0,61.0,0.0,0.0,2.0,1.0,1.0,0.0,0.0,b'bad'
238,3.0,12.0,4.0,3.0,1291.0,0.0,2.0,4.0,1.0,0.0,2.0,1.0,35.0,2.0,1.0,2.0,2.0,1.0,0.0,0.0,b'good'
239,0.0,30.0,2.0,3.0,2522.0,0.0,4.0,1.0,2.0,2.0,3.0,1.0,39.0,2.0,1.0,1.0,2.0,2.0,0.0,0.0,b'good'
240,0.0,24.0,2.0,0.0,915.0,4.0,4.0,4.0,1.0,0.0,2.0,2.0,29.0,0.0,1.0,1.0,2.0,1.0,0.0,0.0,b'bad'
241,3.0,6.0,2.0,3.0,1595.0,0.0,3.0,3.0,2.0,0.0,2.0,1.0,51.0,2.0,1.0,1.0,2.0,2.0,0.0,0.0,b'good'
242,0.0,48.0,0.0,1.0,4605.0,0.0,4.0,3.0,2.0,0.0,4.0,3.0,24.0,2.0,2.0,2.0,2.0,2.0,0.0,0.0,b'bad'
243,3.0,12.0,4.0,9.0,1185.0,0.0,2.0,3.0,1.0,0.0,2.0,0.0,27.0,2.0,1.0,2.0,2.0,1.0,0.0,0.0,b'good'
244,3.0,12.0,1.0,8.0,3447.0,2.0,2.0,4.0,1.0,0.0,3.0,0.0,35.0,2.0,1.0,1.0,1.0,2.0,0.0,0.0,b'good'
245,3.0,24.0,2.0,9.0,1258.0,0.0,3.0,4.0,2.0,0.0,1.0,0.0,25.0,2.0,1.0,1.0,2.0,1.0,1.0,0.0,b'good'
246,3.0,12.0,4.0,3.0,717.0,0.0,4.0,4.0,2.0,0.0,4.0,0.0,52.0,2.0,1.0,3.0,2.0,1.0,0.0,0.0,b'good'
247,3.0,6.0,0.0,0.0,1204.0,1.0,2.0,4.0,2.0,0.0,1.0,3.0,35.0,0.0,0.0,1.0,2.0,1.0,0.0,1.0,b'good'
248,2.0,24.0,2.0,2.0,1925.0,0.0,2.0,2.0,2.0,0.0,2.0,0.0,26.0,2.0,1.0,1.0,2.0,1.0,0.0,0.0,b'good'
249,3.0,18.0,2.0,3.0,433.0,0.0,0.0,3.0,1.0,1.0,4.0,0.0,22.0,2.0,0.0,1.0,2.0,1.0,0.0,0.0,b'bad'
250,0.0,6.0,4.0,0.0,666.0,3.0,3.0,3.0,1.0,0.0,4.0,0.0,39.0,2.0,1.0,2.0,1.0,1.0,1.0,0.0,b'good'
251,2.0,12.0,2.0,2.0,2251.0,0.0,2.0,1.0,1.0,0.0,2.0,2.0,46.0,2.0,1.0,1.0,1.0,1.0,0.0,0.0,b'good'
252,1.0,30.0,2.0,0.0,2150.0,0.0,2.0,4.0,1.0,2.0,2.0,3.0,24.0,0.0,1.0,1.0,2.0,1.0,0.0,0.0,b'bad'
253,3.0,24.0,3.0,2.0,4151.0,1.0,2.0,2.0,2.0,0.0,3.0,1.0,35.0,2.0,1.0,2.0,2.0,1.0,0.0,0.0,b'good'
254,1.0,9.0,2.0,2.0,2030.0,4.0,3.0,2.0,2.0,0.0,1.0,2.0,24.0,2.0,1.0,1.0,2.0,1.0,1.0,0.0,b'good'
255,1.0,60.0,3.0,3.0,7418.0,4.0,2.0,1.0,2.0,0.0,1.0,0.0,27.0,2.0,1.0,1.0,1.0,1.0,0.0,0.0,b'good'
256,3.0,24.0,4.0,3.0,2684.0,0.0,2.0,4.0,2.0,0.0,2.0,0.0,35.0,2.0,1.0,2.0,1.0,1.0,0.0,0.0,b'good'
257,0.0,12.0,1.0,3.0,2149.0,0.0,2.0,4.0,0.0,0.0,1.0,3.0,29.0,2.0,2.0,1.0,2.0,1.0,0.0,0.0,b'bad'
258,3.0,15.0,2.0,1.0,3812.0,1.0,1.0,1.0,1.0,0.0,4.0,2.0,23.0,2.0,1.0,1.0,2.0,1.0,1.0,0.0,b'good'
259,3.0,11.0,4.0,3.0,1154.0,1.0,0.0,4.0,1.0,0.0,4.0,0.0,57.0,2.0,1.0,3.0,1.0,1.0,0.0,0.0,b'good'
260,0.0,12.0,2.0,2.0,1657.0,0.0,2.0,2.0,2.0,0.0,2.0,0.0,27.0,2.0,1.0,1.0,2.0,1.0,0.0,0.0,b'good'
261,0.0,24.0,2.0,3.0,1603.0,0.0,4.0,4.0,1.0,0.0,4.0,2.0,55.0,2.0,1.0,1.0,2.0,1.0,0.0,0.0,b'good'
262,0.0,18.0,4.0,0.0,5302.0,0.0,4.0,2.0,2.0,0.0,4.0,3.0,36.0,2.0,2.0,3.0,3.0,1.0,1.0,0.0,b'good'
263,3.0,12.0,4.0,6.0,2748.0,0.0,4.0,2.0,1.0,0.0,4.0,3.0,57.0,0.0,2.0,3.0,1.0,1.0,0.0,0.0,b'good'
264,3.0,10.0,4.0,0.0,1231.0,0.0,4.0,3.0,2.0,0.0,4.0,0.0,32.0,2.0,1.0,2.0,1.0,2.0,0.0,1.0,b'good'
265,1.0,15.0,2.0,3.0,802.0,0.0,4.0,4.0,2.0,0.0,3.0,2.0,37.0,2.0,1.0,1.0,2.0,2.0,0.0,0.0,b'bad'
266,3.0,36.0,4.0,9.0,6304.0,4.0,4.0,4.0,2.0,0.0,4.0,0.0,36.0,2.0,1.0,2.0,2.0,1.0,0.0,0.0,b'good'
267,3.0,24.0,2.0,3.0,1533.0,0.0,1.0,4.0,1.0,0.0,3.0,2.0,38.0,1.0,1.0,1.0,2.0,1.0,1.0,0.0,b'good'
268,0.0,14.0,2.0,0.0,8978.0,0.0,4.0,1.0,0.0,0.0,4.0,1.0,45.0,2.0,1.0,1.0,3.0,1.0,1.0,1.0,b'bad'
269,3.0,24.0,2.0,3.0,999.0,4.0,4.0,4.0,2.0,0.0,2.0,2.0,25.0,2.0,1.0,2.0,2.0,1.0,0.0,0.0,b'good'
270,3.0,18.0,2.0,0.0,2662.0,4.0,3.0,4.0,2.0,0.0,3.0,1.0,32.0,2.0,1.0,1.0,2.0,1.0,0.0,1.0,b'good'
271,3.0,12.0,4.0,2.0,1402.0,2.0,3.0,3.0,1.0,0.0,4.0,2.0,37.0,2.0,0.0,1.0,2.0,1.0,1.0,0.0,b'good'
272,1.0,48.0,1.0,0.0,12169.0,4.0,0.0,4.0,2.0,1.0,4.0,3.0,36.0,2.0,2.0,1.0,3.0,1.0,1.0,0.0,b'good'
273,1.0,48.0,2.0,3.0,3060.0,0.0,3.0,4.0,2.0,0.0,4.0,0.0,28.0,2.0,1.0,2.0,2.0,1.0,0.0,0.0,b'bad'
274,0.0,30.0,2.0,5.0,11998.0,0.0,1.0,1.0,0.0,0.0,1.0,3.0,34.0,2.0,1.0,1.0,1.0,1.0,1.0,0.0,b'bad'
275,3.0,9.0,2.0,3.0,2697.0,0.0,2.0,1.0,2.0,0.0,2.0,0.0,32.0,2.0,1.0,1.0,2.0,2.0,0.0,0.0,b'good'
276,3.0,18.0,4.0,3.0,2404.0,0.0,2.0,2.0,1.0,0.0,2.0,2.0,26.0,2.0,1.0,2.0,2.0,1.0,0.0,0.0,b'good'
277,0.0,12.0,2.0,2.0,1262.0,4.0,4.0,2.0,0.0,0.0,4.0,1.0,49.0,2.0,1.0,1.0,1.0,1.0,1.0,0.0,b'good'
278,3.0,6.0,2.0,2.0,4611.0,0.0,1.0,1.0,1.0,0.0,4.0,1.0,32.0,2.0,1.0,1.0,2.0,1.0,0.0,0.0,b'bad'
279,3.0,24.0,2.0,3.0,1901.0,1.0,2.0,4.0,2.0,0.0,4.0,2.0,29.0,2.0,0.0,1.0,3.0,1.0,1.0,0.0,b'good'
280,3.0,15.0,4.0,1.0,3368.0,3.0,4.0,3.0,2.0,0.0,4.0,3.0,23.0,2.0,0.0,2.0,2.0,1.0,1.0,0.0,b'good'
281,3.0,12.0,2.0,2.0,1574.0,0.0,2.0,4.0,2.0,0.0,2.0,0.0,50.0,2.0,1.0,1.0,2.0,1.0,0.0,0.0,b'good'
282,2.0,18.0,1.0,3.0,1445.0,4.0,3.0,4.0,2.0,0.0,4.0,2.0,49.0,0.0,1.0,1.0,1.0,1.0,0.0,0.0,b'good'
283,3.0,15.0,4.0,2.0,1520.0,4.0,4.0,4.0,2.0,0.0,4.0,1.0,63.0,2.0,1.0,1.0,2.0,1.0,0.0,0.0,b'good'
284,1.0,24.0,4.0,0.0,3878.0,1.0,1.0,4.0,0.0,0.0,2.0,2.0,37.0,2.0,1.0,1.0,2.0,1.0,1.0,0.0,b'good'
285,0.0,47.0,2.0,0.0,10722.0,0.0,1.0,1.0,1.0,0.0,1.0,0.0,35.0,2.0,1.0,1.0,1.0,1.0,1.0,0.0,b'good'
286,0.0,48.0,2.0,1.0,4788.0,0.0,3.0,4.0,2.0,0.0,3.0,1.0,26.0,2.0,1.0,1.0,2.0,2.0,0.0,0.0,b'good'
287,1.0,48.0,3.0,10.0,7582.0,1.0,0.0,2.0,2.0,0.0,4.0,3.0,31.0,2.0,2.0,1.0,3.0,1.0,1.0,0.0,b'good'
288,1.0,12.0,2.0,3.0,1092.0,0.0,2.0,4.0,1.0,2.0,4.0,0.0,49.0,2.0,1.0,2.0,2.0,1.0,1.0,0.0,b'good'
289,0.0,24.0,3.0,3.0,1024.0,0.0,1.0,4.0,3.0,0.0,4.0,0.0,48.0,1.0,1.0,1.0,2.0,1.0,0.0,0.0,b'bad'
290,3.0,12.0,2.0,9.0,1076.0,0.0,2.0,2.0,3.0,0.0,2.0,0.0,26.0,2.0,1.0,1.0,2.0,1.0,1.0,1.0,b'good'
291,1.0,36.0,2.0,1.0,9398.0,0.0,1.0,1.0,3.0,0.0,4.0,2.0,28.0,2.0,0.0,1.0,3.0,1.0,1.0,0.0,b'bad'
292,0.0,24.0,4.0,1.0,6419.0,0.0,4.0,2.0,1.0,0.0,4.0,3.0,44.0,2.0,2.0,2.0,3.0,2.0,1.0,0.0,b'good'
293,2.0,42.0,4.0,1.0,4796.0,0.0,4.0,4.0,2.0,0.0,4.0,3.0,56.0,2.0,2.0,1.0,2.0,1.0,0.0,0.0,b'good'
294,3.0,48.0,4.0,9.0,7629.0,4.0,4.0,4.0,0.0,0.0,2.0,2.0,46.0,0.0,1.0,2.0,3.0,2.0,0.0,0.0,b'good'
295,1.0,48.0,2.0,2.0,9960.0,0.0,1.0,1.0,1.0,0.0,2.0,2.0,26.0,2.0,1.0,1.0,2.0,1.0,1.0,0.0,b'bad'
296,3.0,12.0,2.0,1.0,4675.0,4.0,1.0,1.0,1.0,0.0,4.0,2.0,20.0,2.0,0.0,1.0,2.0,1.0,0.0,0.0,b'good'
297,3.0,10.0,2.0,0.0,1287.0,4.0,4.0,4.0,2.0,1.0,2.0,1.0,45.0,2.0,1.0,1.0,1.0,1.0,0.0,1.0,b'good'
298,3.0,18.0,2.0,2.0,2515.0,0.0,2.0,3.0,2.0,0.0,4.0,0.0,43.0,2.0,1.0,1.0,2.0,1.0,1.0,0.0,b'good'
299,1.0,21.0,4.0,2.0,2745.0,3.0,3.0,3.0,2.0,0.0,2.0,2.0,32.0,2.0,1.0,2.0,2.0,1.0,1.0,0.0,b'good'
300,3.0,6.0,2.0,0.0,672.0,0.0,0.0,1.0,1.0,0.0,4.0,0.0,54.0,2.0,1.0,1.0,0.0,1.0,1.0,0.0,b'good'
301,1.0,36.0,0.0,3.0,3804.0,0.0,2.0,4.0,1.0,0.0,1.0,2.0,42.0,2.0,1.0,1.0,2.0,1.0,1.0,0.0,b'bad'
302,2.0,24.0,4.0,0.0,1344.0,4.0,3.0,4.0,2.0,0.0,2.0,0.0,37.0,0.0,1.0,2.0,1.0,2.0,0.0,0.0,b'bad'
303,0.0,10.0,4.0,0.0,1038.0,0.0,3.0,4.0,2.0,1.0,3.0,1.0,49.0,2.0,1.0,2.0,2.0,1.0,1.0,0.0,b'good'
304,3.0,48.0,4.0,0.0,10127.0,2.0,2.0,2.0,2.0,0.0,2.0,3.0,44.0,0.0,2.0,1.0,2.0,1.0,0.0,0.0,b'bad'
305,3.0,6.0,2.0,2.0,1543.0,3.0,2.0,4.0,0.0,0.0,2.0,0.0,33.0,2.0,1.0,1.0,2.0,1.0,0.0,0.0,b'good'
306,3.0,30.0,2.0,1.0,4811.0,4.0,3.0,2.0,1.0,0.0,4.0,1.0,24.0,1.0,0.0,1.0,1.0,1.0,0.0,0.0,b'good'
307,0.0,12.0,2.0,3.0,727.0,1.0,1.0,4.0,3.0,0.0,3.0,3.0,33.0,2.0,1.0,1.0,1.0,1.0,1.0,0.0,b'bad'
308,1.0,8.0,2.0,2.0,1237.0,0.0,2.0,3.0,1.0,0.0,4.0,0.0,24.0,2.0,1.0,1.0,2.0,1.0,0.0,0.0,b'bad'
309,1.0,9.0,2.0,0.0,276.0,0.0,2.0,4.0,3.0,0.0,4.0,0.0,22.0,2.0,0.0,1.0,1.0,1.0,0.0,0.0,b'good'
310,1.0,48.0,2.0,10.0,5381.0,4.0,0.0,3.0,2.0,0.0,4.0,3.0,40.0,0.0,2.0,1.0,0.0,1.0,1.0,0.0,b'good'
311,3.0,24.0,2.0,2.0,5511.0,1.0,2.0,4.0,2.0,0.0,1.0,2.0,25.0,1.0,1.0,1.0,2.0,1.0,0.0,0.0,b'good'
312,2.0,24.0,2.0,2.0,3749.0,0.0,1.0,2.0,1.0,0.0,4.0,2.0,26.0,2.0,1.0,1.0,2.0,1.0,0.0,0.0,b'good'
313,1.0,12.0,2.0,0.0,685.0,0.0,3.0,2.0,3.0,0.0,3.0,2.0,25.0,0.0,1.0,1.0,1.0,1.0,0.0,0.0,b'bad'
314,2.0,4.0,2.0,0.0,1494.0,4.0,1.0,1.0,2.0,0.0,2.0,0.0,29.0,2.0,1.0,1.0,1.0,2.0,0.0,1.0,b'good'
315,0.0,36.0,1.0,2.0,2746.0,0.0,4.0,4.0,2.0,0.0,4.0,2.0,31.0,0.0,1.0,1.0,2.0,1.0,0.0,0.0,b'bad'
316,0.0,12.0,2.0,2.0,708.0,0.0,2.0,2.0,2.0,2.0,3.0,1.0,38.0,2.0,1.0,1.0,1.0,2.0,0.0,0.0,b'good'
317,1.0,24.0,2.0,2.0,4351.0,4.0,2.0,1.0,1.0,0.0,4.0,1.0,48.0,2.0,1.0,1.0,1.0,1.0,1.0,0.0,b'good'
318,3.0,12.0,4.0,6.0,701.0,0.0,2.0,4.0,2.0,0.0,2.0,2.0,32.0,2.0,1.0,2.0,2.0,1.0,0.0,0.0,b'good'
319,0.0,15.0,3.0,2.0,3643.0,0.0,4.0,1.0,1.0,0.0,4.0,1.0,27.0,2.0,1.0,2.0,1.0,1.0,0.0,0.0,b'good'
320,1.0,30.0,4.0,0.0,4249.0,0.0,0.0,4.0,3.0,0.0,2.0,2.0,28.0,2.0,1.0,2.0,3.0,1.0,0.0,0.0,b'bad'
321,0.0,24.0,2.0,3.0,1938.0,0.0,1.0,4.0,0.0,0.0,3.0,1.0,32.0,2.0,1.0,1.0,2.0,1.0,0.0,0.0,b'bad'
322,0.0,24.0,2.0,1.0,2910.0,0.0,3.0,2.0,2.0,0.0,1.0,3.0,34.0,2.0,2.0,1.0,3.0,1.0,1.0,0.0,b'good'
323,0.0,18.0,2.0,2.0,2659.0,3.0,2.0,4.0,2.0,0.0,2.0,2.0,28.0,2.0,1.0,1.0,2.0,1.0,0.0,0.0,b'good'
324,3.0,18.0,4.0,0.0,1028.0,0.0,2.0,4.0,1.0,0.0,3.0,0.0,36.0,2.0,1.0,2.0,2.0,1.0,0.0,0.0,b'good'
325,0.0,8.0,4.0,0.0,3398.0,0.0,3.0,1.0,2.0,0.0,4.0,0.0,39.0,2.0,1.0,2.0,1.0,1.0,0.0,1.0,b'good'
326,3.0,12.0,4.0,2.0,5801.0,4.0,4.0,2.0,2.0,0.0,4.0,1.0,49.0,2.0,0.0,1.0,2.0,1.0,1.0,0.0,b'good'
327,3.0,24.0,2.0,0.0,1525.0,3.0,3.0,4.0,1.0,0.0,3.0,2.0,34.0,2.0,1.0,1.0,2.0,2.0,1.0,0.0,b'good'
328,2.0,36.0,2.0,3.0,4473.0,0.0,4.0,4.0,2.0,0.0,2.0,2.0,31.0,2.0,1.0,1.0,2.0,1.0,0.0,0.0,b'good'
329,1.0,6.0,2.0,3.0,1068.0,0.0,4.0,4.0,2.0,0.0,4.0,2.0,28.0,2.0,1.0,1.0,2.0,2.0,0.0,0.0,b'good'
330,0.0,24.0,4.0,1.0,6615.0,0.0,0.0,2.0,2.0,0.0,4.0,3.0,75.0,2.0,2.0,2.0,3.0,1.0,1.0,0.0,b'good'
331,3.0,18.0,4.0,6.0,1864.0,1.0,2.0,4.0,1.0,0.0,2.0,0.0,30.0,2.0,1.0,2.0,2.0,1.0,0.0,0.0,b'bad'
332,1.0,60.0,2.0,0.0,7408.0,1.0,1.0,4.0,1.0,0.0,2.0,1.0,24.0,2.0,1.0,1.0,3.0,1.0,0.0,0.0,b'bad'
333,3.0,48.0,4.0,1.0,11590.0,1.0,2.0,2.0,1.0,0.0,4.0,2.0,24.0,0.0,0.0,2.0,1.0,1.0,0.0,0.0,b'bad'
334,0.0,24.0,0.0,2.0,4110.0,0.0,4.0,3.0,2.0,0.0,4.0,3.0,23.0,0.0,0.0,2.0,2.0,2.0,0.0,0.0,b'bad'
335,0.0,6.0,4.0,2.0,3384.0,0.0,2.0,1.0,0.0,0.0,4.0,0.0,44.0,2.0,0.0,1.0,3.0,1.0,1.0,0.0,b'bad'
336,1.0,13.0,2.0,3.0,2101.0,0.0,1.0,2.0,1.0,2.0,4.0,1.0,23.0,2.0,1.0,1.0,1.0,1.0,0.0,0.0,b'good'
337,0.0,15.0,2.0,4.0,1275.0,4.0,2.0,4.0,1.0,0.0,2.0,2.0,24.0,2.0,0.0,1.0,2.0,1.0,0.0,0.0,b'bad'
338,0.0,24.0,2.0,2.0,4169.0,0.0,2.0,4.0,2.0,0.0,4.0,1.0,28.0,2.0,1.0,1.0,2.0,1.0,0.0,0.0,b'good'
339,1.0,10.0,2.0,2.0,1521.0,0.0,2.0,4.0,0.0,0.0,2.0,2.0,31.0,2.0,1.0,1.0,1.0,1.0,0.0,0.0,b'good'
340,1.0,24.0,4.0,6.0,5743.0,0.0,1.0,2.0,1.0,0.0,4.0,3.0,24.0,2.0,2.0,2.0,2.0,1.0,1.0,0.0,b'good'
341,0.0,21.0,2.0,2.0,3599.0,0.0,3.0,1.0,1.0,0.0,4.0,2.0,26.0,2.0,0.0,1.0,1.0,1.0,0.0,0.0,b'good'
342,1.0,18.0,2.0,3.0,3213.0,2.0,1.0,1.0,3.0,0.0,3.0,0.0,25.0,2.0,0.0,1.0,2.0,1.0,0.0,0.0,b'good'
343,1.0,18.0,2.0,9.0,4439.0,0.0,4.0,1.0,2.0,1.0,1.0,0.0,33.0,0.0,1.0,1.0,3.0,1.0,1.0,0.0,b'good'
344,2.0,10.0,2.0,0.0,3949.0,0.0,1.0,1.0,2.0,2.0,1.0,1.0,37.0,2.0,1.0,1.0,1.0,2.0,0.0,0.0,b'good'
345,3.0,15.0,4.0,3.0,1459.0,0.0,2.0,4.0,1.0,0.0,2.0,2.0,43.0,2.0,1.0,1.0,1.0,1.0,0.0,0.0,b'good'
346,1.0,13.0,4.0,3.0,882.0,0.0,1.0,4.0,2.0,2.0,4.0,0.0,23.0,2.0,1.0,2.0,2.0,1.0,0.0,0.0,b'good'
347,1.0,24.0,2.0,3.0,3758.0,2.0,0.0,1.0,1.0,0.0,4.0,3.0,23.0,2.0,0.0,1.0,0.0,1.0,0.0,0.0,b'good'
348,3.0,6.0,3.0,9.0,1743.0,1.0,2.0,1.0,2.0,0.0,2.0,0.0,34.0,2.0,1.0,2.0,1.0,1.0,0.0,0.0,b'good'
349,1.0,9.0,4.0,6.0,1136.0,3.0,4.0,4.0,2.0,0.0,3.0,3.0,32.0,2.0,2.0,2.0,2.0,2.0,0.0,0.0,b'bad'
350,3.0,9.0,2.0,4.0,1236.0,0.0,1.0,1.0,1.0,0.0,4.0,0.0,23.0,2.0,0.0,1.0,2.0,1.0,1.0,0.0,b'good'
351,1.0,9.0,2.0,2.0,959.0,0.0,2.0,1.0,1.0,0.0,2.0,2.0,29.0,2.0,1.0,1.0,2.0,1.0,0.0,1.0,b'bad'
352,3.0,18.0,4.0,1.0,3229.0,4.0,0.0,2.0,2.0,0.0,4.0,3.0,38.0,2.0,1.0,1.0,3.0,1.0,1.0,0.0,b'good'
353,0.0,12.0,0.0,3.0,6199.0,0.0,2.0,4.0,2.0,0.0,2.0,1.0,28.0,2.0,0.0,2.0,2.0,1.0,1.0,0.0,b'bad'
354,3.0,10.0,2.0,6.0,727.0,2.0,4.0,4.0,2.0,0.0,4.0,3.0,46.0,2.0,2.0,1.0,2.0,1.0,1.0,0.0,b'good'
355,1.0,24.0,2.0,0.0,1246.0,0.0,1.0,4.0,2.0,0.0,2.0,0.0,23.0,1.0,1.0,1.0,1.0,1.0,0.0,0.0,b'bad'
356,3.0,12.0,4.0,3.0,2331.0,4.0,4.0,1.0,2.0,1.0,4.0,0.0,49.0,2.0,1.0,1.0,2.0,1.0,1.0,0.0,b'good'
357,3.0,36.0,3.0,3.0,4463.0,0.0,2.0,4.0,2.0,0.0,2.0,2.0,26.0,2.0,1.0,2.0,3.0,1.0,1.0,0.0,b'bad'
358,3.0,12.0,2.0,3.0,776.0,0.0,2.0,4.0,3.0,0.0,2.0,0.0,28.0,2.0,1.0,1.0,2.0,1.0,0.0,0.0,b'good'
359,0.0,30.0,2.0,2.0,2406.0,0.0,3.0,4.0,1.0,0.0,4.0,0.0,23.0,2.0,0.0,1.0,2.0,1.0,0.0,0.0,b'bad'
360,1.0,18.0,2.0,6.0,1239.0,4.0,2.0,4.0,2.0,0.0,4.0,3.0,61.0,2.0,2.0,1.0,2.0,1.0,0.0,0.0,b'good'
361,2.0,12.0,2.0,3.0,3399.0,4.0,4.0,2.0,2.0,0.0,3.0,2.0,37.0,2.0,1.0,1.0,3.0,1.0,0.0,0.0,b'good'
362,2.0,12.0,3.0,0.0,2247.0,0.0,2.0,2.0,1.0,0.0,2.0,2.0,36.0,1.0,1.0,2.0,2.0,1.0,1.0,0.0,b'good'
363,3.0,6.0,2.0,2.0,1766.0,0.0,2.0,1.0,3.0,0.0,2.0,1.0,21.0,2.0,0.0,1.0,2.0,1.0,0.0,0.0,b'good'
364,0.0,18.0,2.0,2.0,2473.0,0.0,0.0,4.0,2.0,0.0,1.0,2.0,25.0,2.0,1.0,1.0,0.0,1.0,0.0,0.0,b'bad'
365,3.0,12.0,2.0,9.0,1542.0,0.0,3.0,2.0,2.0,0.0,4.0,2.0,36.0,2.0,1.0,1.0,2.0,1.0,1.0,0.0,b'good'
366,3.0,18.0,4.0,1.0,3850.0,0.0,3.0,3.0,2.0,0.0,1.0,2.0,27.0,2.0,1.0,2.0,2.0,1.0,0.0,0.0,b'good'
367,0.0,18.0,2.0,2.0,3650.0,0.0,1.0,1.0,1.0,0.0,4.0,2.0,22.0,2.0,0.0,1.0,2.0,1.0,0.0,0.0,b'good'
368,0.0,36.0,2.0,2.0,3446.0,0.0,4.0,4.0,2.0,0.0,2.0,2.0,42.0,2.0,1.0,1.0,2.0,2.0,0.0,0.0,b'bad'
369,1.0,18.0,2.0,2.0,3001.0,0.0,3.0,2.0,1.0,0.0,4.0,0.0,40.0,2.0,0.0,1.0,2.0,1.0,0.0,0.0,b'good'
370,3.0,36.0,2.0,0.0,3079.0,4.0,2.0,4.0,2.0,0.0,4.0,0.0,36.0,2.0,1.0,1.0,2.0,1.0,0.0,0.0,b'good'
371,3.0,18.0,4.0,3.0,6070.0,0.0,4.0,3.0,2.0,0.0,4.0,2.0,33.0,2.0,1.0,2.0,2.0,1.0,1.0,0.0,b'good'
372,3.0,10.0,4.0,2.0,2146.0,0.0,1.0,1.0,1.0,0.0,3.0,0.0,23.0,2.0,0.0,2.0,2.0,1.0,0.0,0.0,b'good'
373,3.0,60.0,4.0,0.0,13756.0,4.0,4.0,2.0,2.0,0.0,4.0,3.0,63.0,0.0,2.0,1.0,3.0,1.0,1.0,0.0,b'good'
374,1.0,60.0,1.0,10.0,14782.0,1.0,4.0,3.0,1.0,0.0,4.0,3.0,60.0,0.0,2.0,2.0,3.0,1.0,1.0,0.0,b'bad'
375,0.0,48.0,1.0,9.0,7685.0,0.0,3.0,2.0,1.0,2.0,4.0,2.0,37.0,2.0,0.0,1.0,2.0,1.0,0.0,0.0,b'bad'
376,3.0,18.0,3.0,3.0,2320.0,0.0,0.0,2.0,3.0,0.0,3.0,0.0,34.0,2.0,1.0,2.0,2.0,1.0,0.0,0.0,b'good'
377,3.0,7.0,3.0,3.0,846.0,4.0,4.0,3.0,2.0,0.0,4.0,3.0,36.0,2.0,2.0,1.0,2.0,1.0,0.0,0.0,b'good'
378,1.0,36.0,2.0,0.0,14318.0,0.0,4.0,4.0,2.0,0.0,2.0,3.0,57.0,2.0,2.0,1.0,3.0,1.0,1.0,0.0,b'bad'
379,3.0,6.0,4.0,0.0,362.0,1.0,2.0,4.0,1.0,0.0,4.0,2.0,52.0,2.0,1.0,2.0,1.0,1.0,0.0,0.0,b'good'
380,0.0,20.0,2.0,2.0,2212.0,4.0,3.0,4.0,2.0,0.0,4.0,2.0,39.0,2.0,1.0,1.0,2.0,1.0,1.0,0.0,b'good'
381,1.0,18.0,2.0,1.0,12976.0,0.0,0.0,3.0,1.0,0.0,4.0,3.0,38.0,2.0,2.0,1.0,3.0,1.0,1.0,0.0,b'bad'
382,3.0,22.0,2.0,0.0,1283.0,4.0,3.0,4.0,1.0,0.0,4.0,1.0,25.0,2.0,0.0,1.0,2.0,1.0,0.0,0.0,b'good'
383,2.0,12.0,2.0,0.0,1330.0,0.0,1.0,4.0,2.0,0.0,1.0,0.0,26.0,2.0,1.0,1.0,2.0,1.0,0.0,0.0,b'good'
384,3.0,30.0,3.0,9.0,4272.0,1.0,2.0,2.0,2.0,0.0,2.0,1.0,26.0,2.0,1.0,2.0,1.0,1.0,0.0,0.0,b'good'
385,3.0,18.0,4.0,3.0,2238.0,0.0,2.0,2.0,1.0,0.0,1.0,2.0,25.0,2.0,1.0,2.0,2.0,1.0,0.0,0.0,b'good'
386,3.0,18.0,2.0,3.0,1126.0,4.0,1.0,4.0,1.0,0.0,2.0,0.0,21.0,2.0,0.0,1.0,2.0,1.0,1.0,0.0,b'good'
387,1.0,18.0,4.0,2.0,7374.0,0.0,0.0,4.0,2.0,0.0,4.0,1.0,40.0,1.0,1.0,2.0,3.0,1.0,1.0,0.0,b'good'
388,1.0,15.0,4.0,9.0,2326.0,2.0,2.0,2.0,2.0,0.0,4.0,2.0,27.0,0.0,1.0,1.0,2.0,1.0,0.0,0.0,b'good'
389,3.0,9.0,2.0,9.0,1449.0,0.0,3.0,3.0,1.0,0.0,2.0,2.0,27.0,2.0,1.0,2.0,2.0,1.0,0.0,0.0,b'good'
390,3.0,18.0,2.0,0.0,1820.0,0.0,2.0,2.0,3.0,0.0,2.0,1.0,30.0,2.0,1.0,1.0,3.0,1.0,1.0,0.0,b'good'
391,1.0,12.0,2.0,2.0,983.0,3.0,1.0,1.0,1.0,0.0,4.0,0.0,19.0,2.0,0.0,1.0,1.0,1.0,0.0,0.0,b'good'
392,0.0,36.0,2.0,0.0,3249.0,0.0,3.0,2.0,2.0,0.0,4.0,3.0,39.0,0.0,2.0,1.0,3.0,2.0,1.0,0.0,b'good'
393,0.0,6.0,4.0,3.0,1957.0,0.0,3.0,1.0,1.0,0.0,4.0,2.0,31.0,2.0,1.0,1.0,2.0,1.0,0.0,0.0,b'good'
394,3.0,9.0,4.0,2.0,2406.0,0.0,0.0,2.0,2.0,0.0,3.0,2.0,31.0,2.0,1.0,1.0,3.0,1.0,0.0,0.0,b'good'
395,1.0,39.0,3.0,6.0,11760.0,1.0,3.0,2.0,2.0,0.0,3.0,3.0,32.0,2.0,0.0,1.0,2.0,1.0,1.0,0.0,b'good'
396,0.0,12.0,2.0,2.0,2578.0,0.0,0.0,3.0,1.0,0.0,4.0,3.0,55.0,2.0,2.0,1.0,3.0,1.0,0.0,0.0,b'good'
397,0.0,36.0,4.0,2.0,2348.0,0.0,2.0,3.0,3.0,0.0,2.0,1.0,46.0,2.0,1.0,2.0,2.0,1.0,1.0,0.0,b'good'
398,1.0,12.0,2.0,0.0,1223.0,0.0,4.0,1.0,0.0,0.0,1.0,0.0,46.0,2.0,0.0,2.0,2.0,1.0,0.0,0.0,b'bad'
399,3.0,24.0,4.0,3.0,1516.0,3.0,2.0,4.0,1.0,0.0,1.0,0.0,43.0,2.0,1.0,2.0,1.0,1.0,0.0,0.0,b'good'
400,3.0,18.0,2.0,3.0,1473.0,0.0,1.0,3.0,3.0,0.0,4.0,0.0,39.0,2.0,1.0,1.0,2.0,1.0,1.0,0.0,b'good'
401,1.0,18.0,4.0,9.0,1887.0,4.0,2.0,4.0,3.0,0.0,4.0,0.0,28.0,0.0,1.0,2.0,2.0,1.0,0.0,0.0,b'good'
402,3.0,24.0,3.0,9.0,8648.0,0.0,1.0,2.0,2.0,0.0,2.0,2.0,27.0,0.0,1.0,2.0,2.0,1.0,1.0,0.0,b'bad'
403,3.0,14.0,3.0,0.0,802.0,0.0,2.0,4.0,2.0,0.0,2.0,2.0,27.0,2.0,1.0,2.0,1.0,1.0,0.0,0.0,b'good'
404,1.0,18.0,3.0,0.0,2899.0,4.0,4.0,4.0,2.0,0.0,4.0,2.0,43.0,2.0,1.0,1.0,2.0,2.0,0.0,0.0,b'good'
405,1.0,24.0,2.0,3.0,2039.0,0.0,1.0,1.0,3.0,0.0,1.0,1.0,22.0,2.0,1.0,1.0,2.0,1.0,1.0,0.0,b'bad'
406,3.0,24.0,4.0,1.0,2197.0,4.0,3.0,4.0,2.0,0.0,4.0,2.0,43.0,2.0,1.0,2.0,2.0,2.0,1.0,0.0,b'good'
407,0.0,15.0,2.0,3.0,1053.0,0.0,1.0,4.0,3.0,0.0,2.0,0.0,27.0,2.0,1.0,1.0,2.0,1.0,0.0,1.0,b'good'
408,3.0,24.0,2.0,3.0,3235.0,2.0,4.0,3.0,0.0,0.0,2.0,2.0,26.0,2.0,1.0,1.0,3.0,1.0,1.0,0.0,b'good'
409,2.0,12.0,4.0,0.0,939.0,2.0,3.0,4.0,3.0,0.0,2.0,0.0,28.0,2.0,1.0,3.0,2.0,1.0,1.0,0.0,b'bad'
410,1.0,24.0,2.0,3.0,1967.0,0.0,4.0,4.0,1.0,0.0,4.0,2.0,20.0,2.0,1.0,1.0,2.0,1.0,1.0,0.0,b'good'
411,3.0,33.0,4.0,1.0,7253.0,0.0,3.0,3.0,2.0,0.0,2.0,2.0,35.0,2.0,1.0,2.0,3.0,1.0,1.0,0.0,b'good'
412,3.0,12.0,4.0,9.0,2292.0,0.0,0.0,4.0,2.0,0.0,2.0,2.0,42.0,1.0,1.0,2.0,3.0,1.0,1.0,0.0,b'bad'
413,3.0,10.0,2.0,0.0,1597.0,2.0,2.0,3.0,2.0,0.0,2.0,3.0,40.0,2.0,0.0,1.0,1.0,2.0,0.0,1.0,b'good'
414,0.0,24.0,2.0,0.0,1381.0,4.0,2.0,4.0,1.0,0.0,2.0,1.0,35.0,2.0,1.0,1.0,2.0,1.0,0.0,0.0,b'bad'
415,3.0,36.0,4.0,1.0,5842.0,0.0,4.0,2.0,2.0,0.0,2.0,1.0,35.0,2.0,1.0,2.0,2.0,2.0,1.0,0.0,b'good'
416,0.0,12.0,2.0,0.0,2579.0,0.0,1.0,4.0,2.0,0.0,1.0,0.0,33.0,2.0,1.0,1.0,1.0,2.0,0.0,0.0,b'bad'
417,0.0,18.0,3.0,6.0,8471.0,4.0,2.0,1.0,1.0,0.0,2.0,2.0,23.0,2.0,0.0,2.0,2.0,1.0,1.0,0.0,b'good'
418,3.0,21.0,2.0,0.0,2782.0,2.0,3.0,1.0,1.0,0.0,2.0,2.0,31.0,0.0,1.0,1.0,3.0,1.0,0.0,0.0,b'good'
419,1.0,18.0,2.0,0.0,1042.0,4.0,2.0,4.0,1.0,0.0,2.0,1.0,33.0,2.0,1.0,1.0,2.0,1.0,0.0,0.0,b'bad'
420,3.0,15.0,2.0,0.0,3186.0,3.0,3.0,2.0,1.0,0.0,3.0,2.0,20.0,2.0,0.0,1.0,2.0,1.0,0.0,0.0,b'good'
421,1.0,12.0,2.0,1.0,2028.0,4.0,2.0,4.0,2.0,0.0,2.0,2.0,30.0,2.0,1.0,1.0,2.0,1.0,0.0,0.0,b'good'
422,1.0,12.0,4.0,0.0,958.0,0.0,3.0,2.0,2.0,0.0,3.0,0.0,47.0,2.0,1.0,2.0,1.0,2.0,0.0,0.0,b'good'
423,3.0,21.0,3.0,2.0,1591.0,1.0,3.0,4.0,2.0,0.0,3.0,0.0,34.0,2.0,1.0,2.0,3.0,1.0,0.0,0.0,b'good'
424,1.0,12.0,2.0,2.0,2762.0,4.0,4.0,1.0,1.0,0.0,2.0,1.0,25.0,0.0,1.0,1.0,2.0,1.0,1.0,0.0,b'bad'
425,1.0,18.0,2.0,1.0,2779.0,0.0,2.0,1.0,3.0,0.0,3.0,2.0,21.0,2.0,0.0,1.0,2.0,1.0,1.0,0.0,b'good'
426,3.0,28.0,4.0,3.0,2743.0,0.0,4.0,4.0,2.0,0.0,2.0,2.0,29.0,2.0,1.0,2.0,2.0,1.0,0.0,0.0,b'good'
427,3.0,18.0,4.0,3.0,1149.0,3.0,2.0,4.0,2.0,0.0,3.0,0.0,46.0,2.0,1.0,2.0,2.0,1.0,0.0,0.0,b'good'
428,3.0,9.0,2.0,2.0,1313.0,0.0,4.0,1.0,2.0,0.0,4.0,2.0,20.0,2.0,1.0,1.0,2.0,1.0,0.0,0.0,b'good'
429,0.0,18.0,4.0,5.0,1190.0,0.0,0.0,2.0,1.0,0.0,4.0,3.0,55.0,2.0,2.0,3.0,0.0,2.0,0.0,0.0,b'bad'
430,3.0,5.0,2.0,9.0,3448.0,0.0,3.0,1.0,2.0,0.0,4.0,0.0,74.0,2.0,1.0,1.0,1.0,1.0,0.0,0.0,b'good'
431,1.0,24.0,2.0,10.0,11328.0,0.0,2.0,2.0,2.0,1.0,3.0,2.0,29.0,0.0,1.0,2.0,3.0,1.0,1.0,0.0,b'bad'
432,0.0,6.0,4.0,2.0,1872.0,0.0,0.0,4.0,2.0,0.0,4.0,3.0,36.0,2.0,2.0,3.0,3.0,1.0,1.0,0.0,b'good'
433,3.0,24.0,4.0,5.0,2058.0,0.0,2.0,4.0,0.0,0.0,2.0,0.0,33.0,2.0,1.0,2.0,2.0,1.0,1.0,0.0,b'good'
434,0.0,9.0,2.0,2.0,2136.0,0.0,2.0,3.0,2.0,0.0,2.0,0.0,25.0,2.0,1.0,1.0,2.0,1.0,0.0,0.0,b'good'
435,1.0,12.0,2.0,3.0,1484.0,4.0,2.0,2.0,3.0,0.0,1.0,0.0,25.0,2.0,1.0,1.0,2.0,1.0,1.0,0.0,b'bad'
436,3.0,6.0,2.0,5.0,660.0,2.0,3.0,2.0,3.0,0.0,4.0,0.0,23.0,2.0,0.0,1.0,1.0,1.0,0.0,0.0,b'good'
437,3.0,24.0,4.0,0.0,1287.0,3.0,4.0,4.0,1.0,0.0,4.0,0.0,37.0,2.0,1.0,2.0,2.0,1.0,1.0,0.0,b'good'
438,0.0,42.0,4.0,5.0,3394.0,0.0,0.0,4.0,2.0,1.0,4.0,2.0,65.0,2.0,1.0,2.0,0.0,1.0,0.0,0.0,b'good'
439,2.0,12.0,1.0,9.0,609.0,0.0,1.0,4.0,1.0,0.0,1.0,0.0,26.0,2.0,1.0,1.0,0.0,1.0,0.0,0.0,b'bad'
440,3.0,12.0,2.0,0.0,1884.0,0.0,4.0,4.0,2.0,0.0,4.0,2.0,39.0,2.0,1.0,1.0,3.0,1.0,1.0,0.0,b'good'
441,0.0,12.0,2.0,2.0,1620.0,0.0,2.0,2.0,1.0,1.0,3.0,1.0,30.0,2.0,1.0,1.0,2.0,1.0,0.0,0.0,b'good'
442,1.0,20.0,3.0,10.0,2629.0,0.0,2.0,2.0,2.0,0.0,3.0,2.0,29.0,0.0,1.0,2.0,2.0,1.0,1.0,0.0,b'good'
443,3.0,12.0,2.0,6.0,719.0,0.0,4.0,4.0,2.0,0.0,4.0,2.0,41.0,0.0,1.0,1.0,1.0,2.0,0.0,0.0,b'bad'
444,1.0,48.0,4.0,2.0,5096.0,0.0,2.0,2.0,1.0,0.0,3.0,2.0,30.0,2.0,1.0,1.0,3.0,1.0,1.0,0.0,b'bad'
445,3.0,9.0,4.0,6.0,1244.0,4.0,4.0,4.0,1.0,0.0,4.0,1.0,41.0,2.0,0.0,2.0,1.0,1.0,0.0,0.0,b'good'
446,0.0,36.0,2.0,0.0,1842.0,0.0,1.0,4.0,1.0,0.0,4.0,2.0,34.0,2.0,1.0,1.0,2.0,1.0,1.0,0.0,b'bad'
447,1.0,7.0,2.0,3.0,2576.0,0.0,2.0,2.0,2.0,2.0,2.0,0.0,35.0,2.0,1.0,1.0,2.0,1.0,0.0,0.0,b'good'
448,2.0,12.0,2.0,2.0,1424.0,4.0,4.0,3.0,1.0,0.0,4.0,0.0,55.0,2.0,1.0,1.0,3.0,1.0,1.0,0.0,b'good'
449,1.0,15.0,3.0,5.0,1512.0,3.0,2.0,3.0,3.0,0.0,3.0,1.0,61.0,1.0,1.0,2.0,2.0,1.0,0.0,0.0,b'bad'
450,3.0,36.0,4.0,1.0,11054.0,4.0,2.0,4.0,2.0,0.0,2.0,2.0,30.0,2.0,1.0,1.0,3.0,1.0,1.0,0.0,b'good'
451,3.0,6.0,2.0,3.0,518.0,0.0,2.0,3.0,1.0,0.0,1.0,0.0,29.0,2.0,1.0,1.0,2.0,1.0,0.0,0.0,b'good'
452,3.0,12.0,0.0,2.0,2759.0,0.0,4.0,2.0,2.0,0.0,4.0,1.0,34.0,2.0,1.0,2.0,2.0,1.0,0.0,0.0,b'good'
453,3.0,24.0,2.0,1.0,2670.0,0.0,4.0,4.0,2.0,0.0,4.0,2.0,35.0,2.0,1.0,1.0,3.0,1.0,1.0,0.0,b'good'
454,0.0,24.0,2.0,0.0,4817.0,0.0,3.0,2.0,2.0,1.0,3.0,1.0,31.0,2.0,1.0,1.0,2.0,1.0,1.0,0.0,b'bad'
455,3.0,24.0,2.0,1.0,2679.0,0.0,1.0,4.0,1.0,0.0,1.0,3.0,29.0,2.0,1.0,1.0,3.0,1.0,1.0,0.0,b'good'
456,0.0,11.0,4.0,0.0,3905.0,0.0,2.0,2.0,2.0,0.0,2.0,0.0,36.0,2.0,0.0,2.0,2.0,2.0,0.0,0.0,b'good'
457,0.0,12.0,2.0,1.0,3386.0,0.0,4.0,3.0,2.0,0.0,4.0,3.0,35.0,2.0,2.0,1.0,2.0,1.0,1.0,0.0,b'bad'
458,0.0,6.0,2.0,4.0,343.0,0.0,1.0,4.0,1.0,0.0,1.0,0.0,27.0,2.0,1.0,1.0,2.0,1.0,0.0,0.0,b'good'
459,3.0,18.0,2.0,3.0,4594.0,0.0,1.0,3.0,2.0,0.0,2.0,2.0,32.0,2.0,1.0,1.0,2.0,1.0,1.0,0.0,b'good'
460,0.0,36.0,2.0,2.0,3620.0,0.0,2.0,1.0,2.0,2.0,2.0,1.0,37.0,2.0,1.0,1.0,2.0,2.0,0.0,0.0,b'good'
461,0.0,15.0,2.0,0.0,1721.0,0.0,1.0,2.0,2.0,0.0,3.0,0.0,36.0,2.0,1.0,1.0,2.0,1.0,0.0,0.0,b'good'
462,1.0,12.0,2.0,2.0,3017.0,0.0,1.0,3.0,1.0,0.0,1.0,0.0,34.0,2.0,0.0,1.0,3.0,1.0,0.0,0.0,b'good'
463,1.0,12.0,2.0,8.0,754.0,4.0,4.0,4.0,2.0,0.0,4.0,1.0,38.0,2.0,1.0,2.0,2.0,1.0,0.0,0.0,b'good'
464,3.0,18.0,2.0,9.0,1950.0,0.0,3.0,4.0,2.0,0.0,1.0,2.0,34.0,1.0,1.0,2.0,2.0,1.0,1.0,0.0,b'good'
465,0.0,24.0,2.0,1.0,2924.0,0.0,2.0,3.0,2.0,2.0,4.0,3.0,63.0,0.0,1.0,1.0,2.0,2.0,1.0,0.0,b'good'
466,0.0,24.0,3.0,3.0,1659.0,0.0,1.0,4.0,1.0,0.0,2.0,2.0,29.0,2.0,0.0,1.0,1.0,1.0,1.0,0.0,b'bad'
467,3.0,48.0,3.0,3.0,7238.0,4.0,4.0,3.0,2.0,0.0,3.0,2.0,32.0,0.0,1.0,2.0,2.0,2.0,0.0,0.0,b'good'
468,3.0,33.0,3.0,9.0,2764.0,0.0,2.0,2.0,1.0,0.0,2.0,2.0,26.0,2.0,1.0,2.0,2.0,1.0,1.0,0.0,b'good'
469,3.0,24.0,3.0,1.0,4679.0,0.0,3.0,3.0,2.0,0.0,3.0,2.0,35.0,2.0,1.0,2.0,1.0,1.0,1.0,0.0,b'good'
470,1.0,24.0,2.0,3.0,3092.0,1.0,1.0,3.0,3.0,0.0,2.0,2.0,22.0,2.0,0.0,1.0,2.0,1.0,1.0,0.0,b'bad'
471,0.0,6.0,2.0,6.0,448.0,0.0,1.0,4.0,1.0,0.0,4.0,1.0,23.0,2.0,1.0,1.0,2.0,1.0,0.0,0.0,b'bad'
472,0.0,9.0,2.0,0.0,654.0,0.0,2.0,4.0,2.0,0.0,3.0,2.0,28.0,2.0,1.0,1.0,1.0,1.0,0.0,0.0,b'bad'
473,3.0,6.0,2.0,8.0,1238.0,4.0,0.0,4.0,2.0,0.0,4.0,1.0,36.0,2.0,1.0,1.0,3.0,2.0,1.0,0.0,b'good'
474,1.0,18.0,4.0,3.0,1245.0,0.0,2.0,4.0,3.0,0.0,2.0,2.0,33.0,2.0,1.0,1.0,2.0,1.0,0.0,0.0,b'bad'
475,0.0,18.0,0.0,2.0,3114.0,0.0,1.0,1.0,1.0,0.0,4.0,1.0,26.0,2.0,0.0,1.0,2.0,1.0,0.0,0.0,b'bad'
476,3.0,39.0,2.0,1.0,2569.0,2.0,2.0,4.0,2.0,0.0,4.0,2.0,24.0,2.0,1.0,1.0,2.0,1.0,0.0,0.0,b'good'
477,2.0,24.0,2.0,3.0,5152.0,0.0,3.0,4.0,2.0,0.0,2.0,2.0,25.0,0.0,1.0,1.0,2.0,1.0,0.0,0.0,b'good'
478,1.0,12.0,2.0,9.0,1037.0,1.0,3.0,3.0,2.0,0.0,4.0,0.0,39.0,2.0,1.0,1.0,1.0,1.0,0.0,0.0,b'good'
479,0.0,15.0,4.0,2.0,1478.0,0.0,4.0,4.0,2.0,0.0,4.0,2.0,44.0,2.0,1.0,2.0,2.0,2.0,1.0,0.0,b'good'
480,1.0,12.0,4.0,3.0,3573.0,0.0,2.0,1.0,1.0,0.0,1.0,0.0,23.0,2.0,1.0,1.0,1.0,1.0,0.0,0.0,b'good'
481,1.0,24.0,2.0,0.0,1201.0,0.0,1.0,4.0,2.0,0.0,1.0,1.0,26.0,2.0,1.0,1.0,2.0,1.0,0.0,0.0,b'good'
482,0.0,30.0,2.0,2.0,3622.0,3.0,4.0,4.0,1.0,0.0,4.0,1.0,57.0,2.0,0.0,2.0,2.0,1.0,1.0,0.0,b'good'
483,3.0,15.0,3.0,2.0,960.0,3.0,3.0,3.0,1.0,0.0,2.0,1.0,30.0,2.0,1.0,2.0,2.0,1.0,0.0,0.0,b'good'
484,3.0,12.0,4.0,0.0,1163.0,2.0,2.0,4.0,2.0,0.0,4.0,0.0,44.0,2.0,1.0,1.0,2.0,1.0,1.0,0.0,b'good'
485,1.0,6.0,3.0,0.0,1209.0,0.0,0.0,4.0,2.0,0.0,4.0,1.0,47.0,2.0,1.0,1.0,3.0,1.0,1.0,0.0,b'bad'
486,3.0,12.0,2.0,3.0,3077.0,0.0,2.0,2.0,2.0,0.0,4.0,2.0,52.0,2.0,1.0,1.0,2.0,1.0,1.0,0.0,b'good'
487,3.0,24.0,2.0,0.0,3757.0,0.0,4.0,4.0,1.0,1.0,4.0,3.0,62.0,2.0,2.0,1.0,2.0,1.0,1.0,0.0,b'good'
488,3.0,10.0,2.0,0.0,1418.0,1.0,2.0,3.0,2.0,0.0,2.0,0.0,35.0,2.0,0.0,1.0,1.0,1.0,0.0,1.0,b'good'
489,3.0,6.0,2.0,0.0,3518.0,0.0,2.0,2.0,2.0,2.0,3.0,1.0,26.0,2.0,0.0,1.0,2.0,1.0,0.0,0.0,b'good'
490,3.0,12.0,4.0,3.0,1934.0,0.0,4.0,2.0,2.0,0.0,2.0,3.0,26.0,2.0,1.0,2.0,2.0,1.0,0.0,0.0,b'good'
491,1.0,27.0,0.0,9.0,8318.0,0.0,4.0,2.0,1.0,0.0,4.0,3.0,42.0,2.0,2.0,2.0,3.0,1.0,1.0,0.0,b'bad'
492,3.0,6.0,4.0,3.0,1237.0,1.0,2.0,1.0,1.0,0.0,1.0,1.0,27.0,2.0,1.0,2.0,2.0,1.0,0.0,0.0,b'good'
493,1.0,6.0,2.0,3.0,368.0,4.0,4.0,4.0,2.0,0.0,4.0,1.0,38.0,2.0,1.0,1.0,2.0,1.0,0.0,0.0,b'good'
494,0.0,12.0,4.0,0.0,2122.0,0.0,2.0,3.0,2.0,0.0,2.0,0.0,39.0,2.0,0.0,2.0,1.0,2.0,0.0,1.0,b'good'
495,0.0,24.0,2.0,2.0,2996.0,4.0,2.0,2.0,3.0,0.0,4.0,2.0,20.0,2.0,1.0,1.0,2.0,1.0,0.0,0.0,b'bad'
496,1.0,36.0,2.0,2.0,9034.0,1.0,1.0,4.0,2.0,1.0,1.0,3.0,29.0,2.0,0.0,1.0,3.0,1.0,1.0,0.0,b'bad'
497,3.0,24.0,4.0,2.0,1585.0,0.0,3.0,4.0,2.0,0.0,3.0,1.0,40.0,2.0,1.0,2.0,2.0,1.0,0.0,0.0,b'good'
498,1.0,18.0,2.0,3.0,1301.0,0.0,4.0,4.0,3.0,2.0,2.0,0.0,32.0,2.0,1.0,1.0,1.0,1.0,0.0,0.0,b'good'
499,2.0,6.0,4.0,0.0,1323.0,1.0,4.0,2.0,0.0,0.0,4.0,2.0,28.0,2.0,1.0,2.0,2.0,2.0,1.0,0.0,b'good'
500,0.0,24.0,2.0,0.0,3123.0,0.0,1.0,4.0,1.0,0.0,1.0,1.0,27.0,2.0,1.0,1.0,2.0,1.0,0.0,0.0,b'bad'
501,0.0,36.0,2.0,1.0,5493.0,0.0,4.0,2.0,2.0,0.0,4.0,3.0,42.0,2.0,2.0,1.0,2.0,2.0,0.0,0.0,b'good'
502,2.0,9.0,2.0,3.0,1126.0,1.0,4.0,2.0,0.0,0.0,4.0,0.0,49.0,2.0,1.0,1.0,2.0,1.0,0.0,0.0,b'good'
503,1.0,24.0,4.0,3.0,1216.0,1.0,1.0,4.0,2.0,0.0,4.0,3.0,38.0,0.0,1.0,2.0,2.0,2.0,0.0,0.0,b'bad'
504,0.0,24.0,2.0,0.0,1207.0,0.0,1.0,4.0,1.0,0.0,4.0,1.0,24.0,2.0,0.0,1.0,2.0,1.0,0.0,0.0,b'bad'
505,3.0,10.0,2.0,0.0,1309.0,4.0,2.0,4.0,2.0,2.0,4.0,1.0,27.0,2.0,1.0,1.0,1.0,1.0,0.0,0.0,b'bad'
506,2.0,15.0,4.0,1.0,2360.0,2.0,2.0,2.0,2.0,0.0,2.0,2.0,36.0,2.0,1.0,1.0,2.0,1.0,1.0,0.0,b'good'
507,1.0,15.0,1.0,0.0,6850.0,1.0,0.0,1.0,2.0,0.0,2.0,1.0,34.0,2.0,1.0,1.0,3.0,2.0,1.0,0.0,b'bad'
508,3.0,24.0,2.0,3.0,1413.0,0.0,2.0,4.0,3.0,0.0,2.0,1.0,28.0,2.0,1.0,1.0,2.0,1.0,0.0,0.0,b'good'
509,3.0,39.0,2.0,1.0,8588.0,1.0,4.0,4.0,2.0,0.0,2.0,2.0,45.0,2.0,1.0,1.0,3.0,1.0,1.0,0.0,b'good'
510,0.0,12.0,2.0,0.0,759.0,0.0,3.0,4.0,2.0,0.0,2.0,0.0,26.0,2.0,1.0,1.0,2.0,1.0,0.0,0.0,b'bad'
511,3.0,36.0,2.0,1.0,4686.0,0.0,2.0,2.0,2.0,0.0,2.0,3.0,32.0,2.0,2.0,1.0,3.0,1.0,1.0,0.0,b'good'
512,2.0,15.0,2.0,9.0,2687.0,0.0,3.0,2.0,2.0,0.0,4.0,1.0,26.0,2.0,0.0,1.0,2.0,1.0,1.0,0.0,b'good'
513,1.0,12.0,3.0,3.0,585.0,0.0,2.0,4.0,3.0,1.0,4.0,0.0,20.0,2.0,0.0,2.0,2.0,1.0,0.0,0.0,b'good'
514,3.0,24.0,2.0,0.0,2255.0,4.0,1.0,4.0,2.0,0.0,1.0,1.0,54.0,2.0,1.0,1.0,2.0,1.0,0.0,0.0,b'good'
515,0.0,6.0,4.0,0.0,609.0,0.0,3.0,4.0,1.0,0.0,3.0,1.0,37.0,2.0,1.0,2.0,2.0,1.0,0.0,1.0,b'good'
516,0.0,6.0,4.0,0.0,1361.0,0.0,1.0,2.0,2.0,0.0,4.0,0.0,40.0,2.0,1.0,1.0,1.0,2.0,0.0,1.0,b'good'
517,3.0,36.0,4.0,2.0,7127.0,0.0,1.0,2.0,1.0,0.0,4.0,1.0,23.0,2.0,0.0,2.0,2.0,1.0,1.0,0.0,b'bad'
518,0.0,6.0,2.0,0.0,1203.0,1.0,4.0,3.0,2.0,0.0,2.0,1.0,43.0,2.0,1.0,1.0,2.0,1.0,1.0,0.0,b'good'
519,3.0,6.0,4.0,3.0,700.0,4.0,4.0,4.0,2.0,0.0,4.0,3.0,36.0,2.0,2.0,2.0,2.0,1.0,0.0,0.0,b'good'
520,3.0,24.0,4.0,5.0,5507.0,0.0,4.0,3.0,2.0,0.0,4.0,3.0,44.0,2.0,2.0,2.0,2.0,1.0,0.0,0.0,b'good'
521,0.0,18.0,2.0,3.0,3190.0,0.0,2.0,2.0,1.0,0.0,2.0,0.0,24.0,2.0,1.0,1.0,2.0,1.0,0.0,0.0,b'bad'
522,0.0,48.0,0.0,2.0,7119.0,0.0,2.0,3.0,2.0,0.0,4.0,3.0,53.0,2.0,2.0,2.0,2.0,2.0,0.0,0.0,b'bad'
523,3.0,24.0,2.0,1.0,3488.0,1.0,3.0,3.0,1.0,0.0,4.0,2.0,23.0,2.0,1.0,1.0,2.0,1.0,0.0,0.0,b'good'
524,1.0,18.0,2.0,3.0,1113.0,0.0,2.0,4.0,1.0,2.0,4.0,0.0,26.0,2.0,1.0,1.0,1.0,2.0,0.0,0.0,b'good'
525,1.0,26.0,2.0,1.0,7966.0,0.0,1.0,2.0,2.0,0.0,3.0,2.0,30.0,2.0,1.0,2.0,2.0,1.0,0.0,0.0,b'good'
526,3.0,15.0,4.0,6.0,1532.0,1.0,2.0,4.0,1.0,0.0,3.0,2.0,31.0,2.0,1.0,1.0,2.0,1.0,0.0,0.0,b'good'
527,3.0,4.0,4.0,3.0,1503.0,0.0,3.0,2.0,2.0,0.0,1.0,0.0,42.0,2.0,1.0,2.0,1.0,2.0,0.0,0.0,b'good'
528,0.0,36.0,2.0,3.0,2302.0,0.0,2.0,4.0,0.0,0.0,4.0,2.0,31.0,2.0,0.0,1.0,2.0,1.0,0.0,0.0,b'bad'
529,0.0,6.0,2.0,0.0,662.0,0.0,1.0,3.0,2.0,0.0,4.0,0.0,41.0,2.0,1.0,1.0,1.0,2.0,1.0,0.0,b'good'
530,1.0,36.0,2.0,6.0,2273.0,0.0,3.0,3.0,2.0,0.0,1.0,2.0,32.0,2.0,1.0,2.0,2.0,2.0,0.0,0.0,b'good'
531,1.0,15.0,2.0,0.0,2631.0,1.0,2.0,2.0,1.0,0.0,4.0,2.0,28.0,2.0,0.0,2.0,2.0,1.0,1.0,0.0,b'bad'
532,3.0,12.0,3.0,1.0,1503.0,0.0,2.0,4.0,3.0,0.0,4.0,0.0,41.0,2.0,0.0,1.0,2.0,1.0,0.0,0.0,b'good'
533,3.0,24.0,2.0,3.0,1311.0,1.0,3.0,4.0,3.0,0.0,3.0,1.0,26.0,2.0,1.0,1.0,2.0,1.0,1.0,0.0,b'good'
534,3.0,24.0,2.0,3.0,3105.0,4.0,1.0,4.0,2.0,0.0,2.0,2.0,25.0,2.0,1.0,2.0,2.0,1.0,0.0,0.0,b'good'
535,2.0,21.0,4.0,6.0,2319.0,0.0,1.0,2.0,0.0,0.0,1.0,2.0,33.0,2.0,0.0,1.0,2.0,1.0,0.0,0.0,b'bad'
536,0.0,6.0,2.0,0.0,1374.0,4.0,0.0,4.0,1.0,0.0,3.0,1.0,75.0,2.0,1.0,1.0,3.0,1.0,1.0,0.0,b'good'
537,1.0,18.0,4.0,2.0,3612.0,0.0,4.0,3.0,1.0,0.0,4.0,1.0,37.0,2.0,1.0,1.0,2.0,1.0,1.0,0.0,b'good'
538,0.0,48.0,2.0,0.0,7763.0,0.0,4.0,4.0,2.0,0.0,4.0,3.0,42.0,0.0,2.0,1.0,3.0,1.0,0.0,0.0,b'bad'
539,2.0,18.0,2.0,2.0,3049.0,0.0,1.0,1.0,1.0,0.0,1.0,1.0,45.0,1.0,1.0,1.0,1.0,1.0,0.0,0.0,b'good'
540,1.0,12.0,2.0,3.0,1534.0,0.0,1.0,1.0,3.0,0.0,1.0,0.0,23.0,2.0,0.0,1.0,2.0,1.0,0.0,0.0,b'bad'
541,3.0,24.0,3.0,0.0,2032.0,0.0,4.0,4.0,2.0,0.0,4.0,3.0,60.0,2.0,2.0,2.0,2.0,1.0,1.0,0.0,b'good'
542,0.0,30.0,2.0,2.0,6350.0,4.0,4.0,4.0,2.0,0.0,4.0,1.0,31.0,2.0,1.0,1.0,2.0,1.0,0.0,0.0,b'bad'
543,2.0,18.0,2.0,2.0,2864.0,0.0,2.0,2.0,2.0,0.0,1.0,0.0,34.0,2.0,1.0,1.0,1.0,2.0,0.0,0.0,b'bad'
544,3.0,12.0,4.0,0.0,1255.0,0.0,4.0,4.0,2.0,0.0,4.0,0.0,61.0,2.0,1.0,2.0,1.0,1.0,0.0,0.0,b'good'
545,0.0,24.0,3.0,0.0,1333.0,0.0,0.0,4.0,2.0,0.0,2.0,0.0,43.0,2.0,2.0,2.0,2.0,2.0,0.0,0.0,b'bad'
546,3.0,24.0,4.0,0.0,2022.0,0.0,2.0,4.0,1.0,0.0,4.0,2.0,37.0,2.0,1.0,1.0,2.0,1.0,1.0,0.0,b'good'
547,3.0,24.0,2.0,3.0,1552.0,0.0,3.0,3.0,2.0,0.0,1.0,2.0,32.0,0.0,1.0,1.0,2.0,2.0,0.0,0.0,b'good'
548,0.0,12.0,1.0,3.0,626.0,0.0,2.0,4.0,1.0,0.0,4.0,0.0,24.0,0.0,1.0,1.0,1.0,1.0,0.0,0.0,b'bad'
549,3.0,48.0,4.0,1.0,8858.0,4.0,3.0,2.0,2.0,0.0,1.0,3.0,35.0,2.0,2.0,2.0,2.0,1.0,1.0,0.0,b'good'
550,3.0,12.0,4.0,5.0,996.0,4.0,3.0,4.0,1.0,0.0,4.0,0.0,23.0,2.0,1.0,2.0,2.0,1.0,0.0,0.0,b'good'
551,3.0,6.0,1.0,3.0,1750.0,2.0,4.0,2.0,2.0,0.0,4.0,1.0,45.0,0.0,1.0,1.0,1.0,2.0,0.0,0.0,b'good'
552,0.0,48.0,2.0,3.0,6999.0,0.0,3.0,1.0,3.0,2.0,1.0,0.0,34.0,2.0,1.0,2.0,2.0,1.0,1.0,0.0,b'bad'
553,1.0,12.0,4.0,0.0,1995.0,1.0,1.0,4.0,2.0,0.0,1.0,2.0,27.0,2.0,1.0,1.0,2.0,1.0,0.0,0.0,b'good'
554,1.0,9.0,2.0,6.0,1199.0,0.0,3.0,4.0,1.0,0.0,4.0,1.0,67.0,2.0,1.0,2.0,3.0,1.0,1.0,0.0,b'good'
555,1.0,12.0,2.0,3.0,1331.0,0.0,1.0,2.0,2.0,0.0,1.0,2.0,22.0,1.0,1.0,1.0,2.0,1.0,0.0,0.0,b'bad'
556,1.0,18.0,0.0,0.0,2278.0,1.0,1.0,3.0,1.0,0.0,3.0,2.0,28.0,2.0,1.0,2.0,2.0,1.0,0.0,0.0,b'bad'
557,3.0,21.0,0.0,0.0,5003.0,4.0,2.0,1.0,1.0,0.0,4.0,1.0,29.0,0.0,1.0,2.0,2.0,1.0,1.0,0.0,b'bad'
558,0.0,24.0,1.0,2.0,3552.0,0.0,3.0,3.0,2.0,0.0,4.0,2.0,27.0,0.0,1.0,1.0,2.0,1.0,0.0,0.0,b'bad'
559,1.0,18.0,4.0,2.0,1928.0,0.0,1.0,2.0,2.0,0.0,2.0,0.0,31.0,2.0,1.0,2.0,1.0,1.0,0.0,0.0,b'bad'
560,0.0,24.0,2.0,1.0,2964.0,4.0,4.0,4.0,2.0,0.0,4.0,3.0,49.0,0.0,2.0,1.0,2.0,2.0,1.0,0.0,b'good'
561,0.0,24.0,1.0,3.0,1546.0,0.0,3.0,4.0,2.0,2.0,4.0,2.0,24.0,0.0,0.0,1.0,1.0,1.0,0.0,0.0,b'bad'
562,2.0,6.0,3.0,3.0,683.0,0.0,1.0,2.0,1.0,0.0,1.0,1.0,29.0,0.0,1.0,1.0,2.0,1.0,0.0,0.0,b'good'
563,1.0,36.0,2.0,0.0,12389.0,4.0,2.0,1.0,2.0,0.0,4.0,3.0,37.0,2.0,2.0,1.0,2.0,1.0,1.0,0.0,b'bad'
564,1.0,24.0,3.0,9.0,4712.0,4.0,2.0,4.0,2.0,0.0,2.0,1.0,37.0,0.0,1.0,2.0,3.0,1.0,1.0,0.0,b'good'
565,1.0,24.0,3.0,3.0,1553.0,1.0,3.0,3.0,1.0,0.0,2.0,1.0,23.0,2.0,0.0,2.0,2.0,1.0,1.0,0.0,b'good'
566,0.0,12.0,2.0,0.0,1372.0,0.0,3.0,2.0,0.0,0.0,3.0,2.0,36.0,2.0,1.0,1.0,2.0,1.0,0.0,0.0,b'bad'
567,3.0,24.0,4.0,3.0,2578.0,3.0,4.0,2.0,2.0,0.0,2.0,2.0,34.0,2.0,1.0,1.0,2.0,1.0,0.0,0.0,b'good'
568,1.0,48.0,2.0,3.0,3979.0,4.0,3.0,4.0,2.0,0.0,1.0,2.0,41.0,2.0,1.0,2.0,2.0,2.0,1.0,0.0,b'good'
569,0.0,48.0,2.0,3.0,6758.0,0.0,2.0,3.0,1.0,0.0,2.0,2.0,31.0,2.0,1.0,1.0,2.0,1.0,1.0,0.0,b'bad'
570,0.0,24.0,2.0,2.0,3234.0,0.0,1.0,4.0,1.0,0.0,4.0,0.0,23.0,2.0,0.0,1.0,1.0,1.0,1.0,0.0,b'bad'
571,3.0,30.0,4.0,3.0,5954.0,0.0,3.0,3.0,2.0,1.0,2.0,2.0,38.0,2.0,1.0,1.0,2.0,1.0,0.0,0.0,b'good'
572,3.0,24.0,2.0,1.0,5433.0,4.0,0.0,2.0,1.0,0.0,4.0,1.0,26.0,2.0,0.0,1.0,3.0,1.0,1.0,0.0,b'good'
573,0.0,15.0,2.0,9.0,806.0,0.0,2.0,4.0,1.0,0.0,4.0,1.0,22.0,2.0,1.0,1.0,1.0,1.0,0.0,0.0,b'good'
574,1.0,9.0,2.0,3.0,1082.0,0.0,4.0,4.0,2.0,0.0,4.0,2.0,27.0,2.0,1.0,2.0,1.0,1.0,0.0,0.0,b'good'
575,3.0,15.0,4.0,2.0,2788.0,0.0,3.0,2.0,1.0,1.0,3.0,2.0,24.0,0.0,1.0,2.0,2.0,1.0,0.0,0.0,b'good'
576,1.0,12.0,2.0,3.0,2930.0,0.0,3.0,2.0,1.0,0.0,1.0,0.0,27.0,2.0,1.0,1.0,2.0,1.0,0.0,0.0,b'good'
577,3.0,24.0,4.0,6.0,1927.0,4.0,2.0,3.0,1.0,0.0,2.0,2.0,33.0,2.0,1.0,2.0,2.0,1.0,1.0,0.0,b'good'
578,1.0,36.0,4.0,0.0,2820.0,0.0,1.0,4.0,0.0,0.0,4.0,2.0,27.0,2.0,1.0,2.0,2.0,1.0,0.0,0.0,b'bad'
579,3.0,24.0,2.0,8.0,937.0,0.0,1.0,4.0,3.0,0.0,3.0,2.0,27.0,2.0,1.0,2.0,1.0,1.0,0.0,0.0,b'good'
580,1.0,18.0,4.0,0.0,1056.0,0.0,4.0,3.0,2.0,2.0,3.0,0.0,30.0,0.0,1.0,2.0,2.0,1.0,0.0,0.0,b'bad'
581,1.0,12.0,4.0,0.0,3124.0,0.0,1.0,1.0,2.0,0.0,3.0,0.0,49.0,0.0,1.0,2.0,1.0,2.0,0.0,0.0,b'good'
582,3.0,9.0,2.0,2.0,1388.0,0.0,2.0,4.0,1.0,0.0,2.0,0.0,26.0,2.0,0.0,1.0,2.0,1.0,0.0,0.0,b'good'
583,1.0,36.0,2.0,5.0,2384.0,0.0,1.0,4.0,2.0,0.0,1.0,3.0,33.0,2.0,0.0,1.0,1.0,1.0,0.0,0.0,b'bad'
584,3.0,12.0,2.0,0.0,2133.0,4.0,4.0,4.0,1.0,0.0,4.0,3.0,52.0,2.0,2.0,1.0,3.0,1.0,1.0,0.0,b'good'
585,0.0,18.0,2.0,2.0,2039.0,0.0,2.0,1.0,1.0,0.0,4.0,0.0,20.0,0.0,0.0,1.0,2.0,1.0,0.0,0.0,b'bad'
586,0.0,9.0,4.0,0.0,2799.0,0.0,2.0,2.0,2.0,0.0,2.0,0.0,36.0,2.0,0.0,2.0,2.0,2.0,0.0,0.0,b'good'
587,0.0,12.0,2.0,2.0,1289.0,0.0,2.0,4.0,2.0,2.0,1.0,1.0,21.0,2.0,1.0,1.0,1.0,1.0,0.0,0.0,b'good'
588,0.0,18.0,2.0,4.0,1217.0,0.0,2.0,4.0,3.0,0.0,3.0,0.0,47.0,2.0,1.0,1.0,1.0,1.0,1.0,0.0,b'bad'
589,0.0,12.0,4.0,2.0,2246.0,0.0,4.0,3.0,2.0,0.0,3.0,1.0,60.0,2.0,1.0,2.0,2.0,1.0,0.0,0.0,b'bad'
590,0.0,12.0,4.0,3.0,385.0,0.0,3.0,4.0,1.0,0.0,3.0,0.0,58.0,2.0,1.0,4.0,1.0,1.0,1.0,0.0,b'good'
591,1.0,24.0,3.0,0.0,1965.0,4.0,2.0,4.0,1.0,0.0,4.0,2.0,42.0,2.0,0.0,2.0,2.0,1.0,1.0,0.0,b'good'
592,3.0,21.0,2.0,9.0,1572.0,3.0,4.0,4.0,1.0,0.0,4.0,0.0,36.0,0.0,1.0,1.0,1.0,1.0,0.0,0.0,b'good'
593,1.0,24.0,2.0,0.0,2718.0,0.0,2.0,3.0,1.0,0.0,4.0,1.0,20.0,2.0,0.0,1.0,1.0,1.0,1.0,0.0,b'bad'
594,0.0,24.0,1.0,10.0,1358.0,4.0,4.0,4.0,2.0,0.0,3.0,2.0,40.0,1.0,1.0,1.0,3.0,1.0,1.0,0.0,b'bad'
595,1.0,6.0,1.0,0.0,931.0,1.0,1.0,1.0,1.0,0.0,1.0,1.0,32.0,1.0,1.0,1.0,1.0,1.0,0.0,0.0,b'bad'
596,0.0,24.0,2.0,0.0,1442.0,0.0,3.0,4.0,1.0,0.0,4.0,2.0,23.0,2.0,0.0,2.0,2.0,1.0,0.0,0.0,b'bad'
597,1.0,24.0,0.0,9.0,4241.0,0.0,2.0,1.0,2.0,0.0,4.0,0.0,36.0,2.0,1.0,3.0,1.0,1.0,1.0,0.0,b'bad'
598,3.0,18.0,4.0,0.0,2775.0,0.0,3.0,2.0,2.0,0.0,2.0,1.0,31.0,0.0,1.0,2.0,2.0,1.0,0.0,0.0,b'bad'
599,3.0,24.0,3.0,9.0,3863.0,0.0,2.0,1.0,2.0,0.0,2.0,3.0,32.0,2.0,2.0,1.0,2.0,1.0,0.0,0.0,b'good'
600,1.0,7.0,2.0,3.0,2329.0,0.0,1.0,1.0,1.0,2.0,1.0,0.0,45.0,2.0,1.0,1.0,2.0,1.0,0.0,0.0,b'good'
601,1.0,9.0,2.0,2.0,918.0,0.0,2.0,4.0,1.0,0.0,1.0,1.0,30.0,2.0,1.0,1.0,2.0,1.0,0.0,0.0,b'bad'
602,1.0,24.0,1.0,6.0,1837.0,0.0,3.0,4.0,1.0,0.0,4.0,3.0,34.0,0.0,2.0,1.0,1.0,1.0,0.0,0.0,b'bad'
603,3.0,36.0,2.0,2.0,3349.0,0.0,2.0,4.0,1.0,0.0,2.0,2.0,28.0,2.0,1.0,1.0,3.0,1.0,1.0,0.0,b'bad'
604,2.0,10.0,2.0,2.0,1275.0,0.0,1.0,4.0,1.0,0.0,2.0,1.0,23.0,2.0,1.0,1.0,2.0,1.0,0.0,0.0,b'good'
605,0.0,24.0,1.0,2.0,2828.0,2.0,2.0,4.0,2.0,0.0,4.0,0.0,22.0,1.0,1.0,1.0,2.0,1.0,1.0,0.0,b'good'
606,3.0,24.0,4.0,9.0,4526.0,0.0,2.0,3.0,2.0,0.0,2.0,0.0,74.0,2.0,1.0,1.0,3.0,1.0,1.0,0.0,b'good'
607,1.0,36.0,2.0,3.0,2671.0,1.0,2.0,4.0,1.0,1.0,4.0,3.0,50.0,2.0,2.0,1.0,2.0,1.0,0.0,0.0,b'bad'
608,3.0,18.0,2.0,3.0,2051.0,0.0,1.0,4.0,2.0,0.0,1.0,0.0,33.0,2.0,1.0,1.0,2.0,1.0,0.0,0.0,b'good'
609,3.0,15.0,2.0,1.0,1300.0,4.0,4.0,4.0,2.0,0.0,4.0,3.0,45.0,0.0,2.0,1.0,2.0,2.0,0.0,0.0,b'good'
610,0.0,12.0,2.0,4.0,741.0,1.0,0.0,4.0,1.0,0.0,3.0,1.0,22.0,2.0,1.0,1.0,2.0,1.0,0.0,0.0,b'bad'
611,2.0,10.0,2.0,0.0,1240.0,1.0,4.0,1.0,1.0,0.0,4.0,3.0,48.0,2.0,2.0,1.0,1.0,2.0,0.0,0.0,b'bad'
612,0.0,21.0,2.0,3.0,3357.0,3.0,1.0,4.0,1.0,0.0,2.0,2.0,29.0,0.0,1.0,1.0,2.0,1.0,0.0,0.0,b'good'
613,0.0,24.0,1.0,1.0,3632.0,0.0,2.0,1.0,1.0,2.0,4.0,2.0,22.0,0.0,0.0,1.0,2.0,1.0,0.0,1.0,b'good'
614,3.0,18.0,3.0,2.0,1808.0,0.0,3.0,4.0,1.0,0.0,1.0,0.0,22.0,2.0,1.0,1.0,2.0,1.0,0.0,0.0,b'bad'
615,1.0,48.0,0.0,9.0,12204.0,4.0,2.0,2.0,2.0,0.0,2.0,2.0,48.0,0.0,1.0,1.0,3.0,1.0,1.0,0.0,b'good'
616,1.0,60.0,3.0,3.0,9157.0,4.0,2.0,2.0,2.0,0.0,2.0,3.0,27.0,2.0,2.0,1.0,3.0,1.0,0.0,0.0,b'good'
617,0.0,6.0,4.0,0.0,3676.0,0.0,2.0,1.0,2.0,0.0,3.0,0.0,37.0,2.0,0.0,3.0,2.0,2.0,0.0,0.0,b'good'
618,1.0,30.0,2.0,2.0,3441.0,1.0,2.0,2.0,1.0,1.0,4.0,2.0,21.0,2.0,0.0,1.0,2.0,1.0,0.0,0.0,b'bad'
619,3.0,12.0,2.0,0.0,640.0,0.0,2.0,4.0,0.0,0.0,2.0,0.0,49.0,2.0,1.0,1.0,1.0,1.0,0.0,0.0,b'good'
620,1.0,21.0,4.0,9.0,3652.0,0.0,3.0,2.0,2.0,0.0,3.0,1.0,27.0,2.0,1.0,2.0,2.0,1.0,0.0,0.0,b'good'
621,3.0,18.0,4.0,0.0,1530.0,0.0,2.0,3.0,2.0,0.0,2.0,1.0,32.0,0.0,1.0,2.0,2.0,1.0,0.0,0.0,b'bad'
622,3.0,48.0,2.0,9.0,3914.0,4.0,2.0,4.0,0.0,0.0,2.0,0.0,38.0,0.0,1.0,1.0,2.0,1.0,0.0,0.0,b'bad'
623,0.0,12.0,2.0,2.0,1858.0,0.0,1.0,4.0,1.0,0.0,1.0,2.0,22.0,2.0,0.0,1.0,2.0,1.0,0.0,0.0,b'good'
624,0.0,18.0,2.0,3.0,2600.0,0.0,2.0,4.0,2.0,0.0,4.0,3.0,65.0,2.0,2.0,2.0,2.0,1.0,0.0,0.0,b'bad'
625,3.0,15.0,2.0,3.0,1979.0,4.0,4.0,4.0,2.0,0.0,2.0,2.0,35.0,2.0,1.0,1.0,2.0,1.0,0.0,0.0,b'good'
626,2.0,6.0,2.0,2.0,2116.0,0.0,2.0,2.0,2.0,0.0,2.0,0.0,41.0,2.0,1.0,1.0,2.0,1.0,1.0,0.0,b'good'
627,1.0,9.0,1.0,0.0,1437.0,1.0,3.0,2.0,2.0,0.0,3.0,3.0,29.0,2.0,1.0,1.0,2.0,1.0,0.0,0.0,b'bad'
628,3.0,42.0,4.0,2.0,4042.0,2.0,2.0,4.0,2.0,0.0,4.0,0.0,36.0,2.0,1.0,2.0,2.0,1.0,1.0,0.0,b'good'
629,3.0,9.0,2.0,6.0,3832.0,4.0,4.0,1.0,2.0,0.0,4.0,0.0,64.0,2.0,1.0,1.0,1.0,1.0,0.0,0.0,b'good'
630,0.0,24.0,2.0,3.0,3660.0,0.0,2.0,2.0,1.0,0.0,4.0,2.0,28.0,2.0,1.0,1.0,2.0,1.0,0.0,0.0,b'good'
631,0.0,18.0,1.0,2.0,1553.0,0.0,2.0,4.0,2.0,0.0,3.0,2.0,44.0,0.0,1.0,1.0,2.0,1.0,0.0,0.0,b'bad'
632,1.0,15.0,2.0,3.0,1444.0,4.0,1.0,4.0,2.0,0.0,1.0,1.0,23.0,2.0,1.0,1.0,2.0,1.0,0.0,0.0,b'good'
633,3.0,9.0,2.0,2.0,1980.0,0.0,1.0,2.0,1.0,1.0,2.0,2.0,19.0,2.0,0.0,2.0,2.0,1.0,0.0,0.0,b'bad'
634,1.0,24.0,2.0,0.0,1355.0,0.0,1.0,3.0,1.0,0.0,4.0,2.0,25.0,2.0,1.0,1.0,1.0,1.0,1.0,0.0,b'bad'
635,3.0,12.0,2.0,6.0,1393.0,0.0,4.0,4.0,2.0,0.0,4.0,1.0,47.0,0.0,1.0,3.0,2.0,2.0,1.0,0.0,b'good'
636,3.0,24.0,2.0,3.0,1376.0,2.0,3.0,4.0,1.0,0.0,1.0,2.0,28.0,2.0,1.0,1.0,2.0,1.0,0.0,0.0,b'good'
637,3.0,60.0,3.0,3.0,15653.0,0.0,3.0,2.0,2.0,0.0,4.0,2.0,21.0,2.0,1.0,2.0,2.0,1.0,1.0,0.0,b'good'
638,3.0,12.0,2.0,3.0,1493.0,0.0,1.0,4.0,1.0,0.0,3.0,2.0,34.0,2.0,1.0,1.0,2.0,2.0,0.0,0.0,b'good'
639,0.0,42.0,3.0,3.0,4370.0,0.0,3.0,3.0,2.0,0.0,2.0,1.0,26.0,0.0,1.0,2.0,2.0,2.0,1.0,0.0,b'bad'
640,0.0,18.0,2.0,6.0,750.0,0.0,0.0,4.0,1.0,0.0,1.0,0.0,27.0,2.0,1.0,1.0,0.0,1.0,0.0,0.0,b'bad'
641,1.0,15.0,2.0,5.0,1308.0,0.0,4.0,4.0,2.0,0.0,4.0,2.0,38.0,2.0,1.0,2.0,1.0,1.0,0.0,0.0,b'good'
642,3.0,15.0,2.0,6.0,4623.0,1.0,2.0,3.0,2.0,0.0,2.0,1.0,40.0,2.0,1.0,1.0,3.0,1.0,1.0,0.0,b'bad'
643,3.0,24.0,4.0,3.0,1851.0,0.0,3.0,4.0,3.0,2.0,2.0,2.0,33.0,2.0,1.0,2.0,2.0,1.0,1.0,0.0,b'good'
644,0.0,18.0,4.0,3.0,1880.0,0.0,3.0,4.0,3.0,0.0,1.0,1.0,32.0,2.0,1.0,2.0,3.0,1.0,1.0,0.0,b'good'
645,3.0,36.0,3.0,9.0,7980.0,4.0,1.0,4.0,2.0,0.0,4.0,2.0,27.0,2.0,0.0,2.0,2.0,1.0,1.0,0.0,b'bad'
646,0.0,30.0,0.0,2.0,4583.0,0.0,2.0,2.0,0.0,2.0,2.0,0.0,32.0,2.0,1.0,2.0,2.0,1.0,0.0,0.0,b'good'
647,3.0,12.0,2.0,0.0,1386.0,2.0,2.0,2.0,1.0,0.0,2.0,1.0,26.0,2.0,1.0,1.0,2.0,1.0,0.0,0.0,b'bad'
648,2.0,24.0,2.0,0.0,947.0,0.0,3.0,4.0,2.0,0.0,3.0,3.0,38.0,0.0,2.0,1.0,2.0,2.0,0.0,0.0,b'bad'
649,0.0,12.0,2.0,6.0,684.0,0.0,2.0,4.0,2.0,0.0,4.0,2.0,40.0,2.0,0.0,1.0,1.0,2.0,0.0,0.0,b'bad'
650,0.0,48.0,2.0,6.0,7476.0,0.0,3.0,4.0,2.0,0.0,1.0,3.0,50.0,2.0,2.0,1.0,3.0,1.0,1.0,0.0,b'good'
651,1.0,12.0,2.0,2.0,1922.0,0.0,2.0,4.0,2.0,0.0,2.0,1.0,37.0,2.0,1.0,1.0,1.0,1.0,0.0,0.0,b'bad'
652,0.0,24.0,2.0,0.0,2303.0,0.0,4.0,4.0,2.0,1.0,1.0,0.0,45.0,2.0,1.0,1.0,2.0,1.0,0.0,0.0,b'bad'
653,1.0,36.0,3.0,0.0,8086.0,1.0,4.0,2.0,2.0,0.0,4.0,2.0,42.0,2.0,1.0,4.0,3.0,1.0,1.0,0.0,b'bad'
654,3.0,24.0,4.0,1.0,2346.0,0.0,3.0,4.0,2.0,0.0,3.0,2.0,35.0,2.0,1.0,2.0,2.0,1.0,1.0,0.0,b'good'
655,0.0,14.0,2.0,0.0,3973.0,0.0,0.0,1.0,2.0,0.0,4.0,3.0,22.0,2.0,2.0,1.0,2.0,1.0,0.0,0.0,b'good'
656,1.0,12.0,2.0,0.0,888.0,0.0,4.0,4.0,2.0,0.0,4.0,2.0,41.0,0.0,1.0,1.0,1.0,2.0,0.0,0.0,b'bad'
657,3.0,48.0,2.0,3.0,10222.0,4.0,3.0,4.0,2.0,0.0,3.0,2.0,37.0,1.0,1.0,1.0,2.0,1.0,1.0,0.0,b'good'
658,1.0,30.0,0.0,9.0,4221.0,0.0,2.0,2.0,1.0,0.0,1.0,2.0,28.0,2.0,1.0,2.0,2.0,1.0,0.0,0.0,b'good'
659,1.0,18.0,4.0,2.0,6361.0,0.0,4.0,2.0,2.0,0.0,1.0,3.0,41.0,2.0,1.0,1.0,2.0,1.0,1.0,0.0,b'good'
660,2.0,12.0,2.0,3.0,1297.0,0.0,2.0,3.0,3.0,0.0,4.0,0.0,23.0,2.0,0.0,1.0,2.0,1.0,0.0,0.0,b'good'
661,0.0,12.0,2.0,0.0,900.0,4.0,2.0,4.0,3.0,0.0,2.0,2.0,23.0,2.0,1.0,1.0,2.0,1.0,0.0,0.0,b'bad'
662,3.0,21.0,2.0,2.0,2241.0,0.0,4.0,4.0,2.0,0.0,2.0,0.0,50.0,2.0,1.0,2.0,2.0,1.0,0.0,0.0,b'good'
663,1.0,6.0,3.0,2.0,1050.0,0.0,0.0,4.0,2.0,0.0,1.0,1.0,35.0,1.0,1.0,2.0,3.0,1.0,1.0,0.0,b'good'
664,2.0,6.0,4.0,6.0,1047.0,0.0,2.0,2.0,1.0,0.0,4.0,1.0,50.0,2.0,1.0,1.0,1.0,1.0,0.0,0.0,b'good'
665,3.0,24.0,4.0,10.0,6314.0,0.0,0.0,4.0,2.0,1.0,2.0,3.0,27.0,0.0,1.0,2.0,3.0,1.0,1.0,0.0,b'good'
666,1.0,30.0,1.0,2.0,3496.0,3.0,2.0,4.0,2.0,0.0,2.0,2.0,34.0,1.0,1.0,1.0,2.0,2.0,1.0,0.0,b'good'
667,3.0,48.0,1.0,9.0,3609.0,0.0,2.0,1.0,1.0,0.0,1.0,0.0,27.0,1.0,1.0,1.0,2.0,1.0,0.0,0.0,b'good'
668,0.0,12.0,4.0,0.0,4843.0,0.0,4.0,3.0,2.0,1.0,4.0,1.0,43.0,2.0,0.0,2.0,2.0,1.0,1.0,0.0,b'bad'
669,2.0,30.0,4.0,3.0,3017.0,0.0,4.0,4.0,2.0,0.0,4.0,1.0,47.0,2.0,1.0,1.0,2.0,1.0,0.0,0.0,b'good'
670,3.0,24.0,4.0,9.0,4139.0,1.0,2.0,3.0,2.0,0.0,3.0,1.0,27.0,2.0,1.0,2.0,1.0,1.0,1.0,0.0,b'good'
671,3.0,36.0,2.0,9.0,5742.0,1.0,3.0,2.0,2.0,0.0,2.0,2.0,31.0,2.0,1.0,2.0,2.0,1.0,1.0,0.0,b'good'
672,3.0,60.0,2.0,0.0,10366.0,0.0,4.0,2.0,2.0,0.0,4.0,1.0,42.0,2.0,1.0,1.0,3.0,1.0,1.0,0.0,b'good'
673,3.0,6.0,4.0,0.0,2080.0,2.0,2.0,1.0,3.0,0.0,2.0,2.0,24.0,2.0,1.0,1.0,2.0,1.0,0.0,0.0,b'good'
674,3.0,21.0,3.0,9.0,2580.0,2.0,1.0,4.0,2.0,0.0,2.0,0.0,41.0,0.0,1.0,1.0,1.0,2.0,0.0,0.0,b'bad'
675,3.0,30.0,4.0,3.0,4530.0,0.0,3.0,4.0,1.0,0.0,4.0,2.0,26.0,2.0,0.0,1.0,3.0,1.0,1.0,0.0,b'good'
676,3.0,24.0,4.0,2.0,5150.0,0.0,4.0,4.0,2.0,0.0,4.0,2.0,33.0,2.0,1.0,1.0,2.0,1.0,1.0,0.0,b'good'
677,1.0,72.0,2.0,3.0,5595.0,1.0,2.0,2.0,3.0,0.0,2.0,2.0,24.0,2.0,1.0,1.0,2.0,1.0,0.0,0.0,b'bad'
678,0.0,24.0,2.0,3.0,2384.0,0.0,4.0,4.0,2.0,0.0,4.0,0.0,64.0,0.0,0.0,1.0,1.0,1.0,0.0,0.0,b'good'
679,3.0,18.0,2.0,3.0,1453.0,0.0,1.0,3.0,1.0,0.0,1.0,0.0,26.0,2.0,1.0,1.0,2.0,1.0,0.0,0.0,b'good'
680,3.0,6.0,2.0,6.0,1538.0,0.0,1.0,1.0,1.0,0.0,2.0,3.0,56.0,2.0,1.0,1.0,2.0,1.0,0.0,0.0,b'good'
681,3.0,12.0,2.0,3.0,2279.0,4.0,2.0,4.0,2.0,0.0,4.0,3.0,37.0,2.0,2.0,1.0,2.0,1.0,1.0,0.0,b'good'
682,3.0,15.0,3.0,3.0,1478.0,0.0,2.0,4.0,3.0,0.0,3.0,0.0,33.0,0.0,1.0,2.0,2.0,1.0,0.0,0.0,b'good'
683,3.0,24.0,4.0,3.0,5103.0,0.0,1.0,3.0,3.0,0.0,3.0,3.0,47.0,2.0,2.0,3.0,2.0,1.0,1.0,0.0,b'good'
684,1.0,36.0,3.0,9.0,9857.0,1.0,3.0,1.0,2.0,0.0,3.0,1.0,31.0,2.0,1.0,2.0,1.0,2.0,1.0,0.0,b'good'
685,3.0,60.0,2.0,0.0,6527.0,4.0,2.0,4.0,2.0,0.0,4.0,3.0,34.0,2.0,2.0,1.0,2.0,2.0,1.0,0.0,b'good'
686,2.0,10.0,4.0,3.0,1347.0,4.0,3.0,4.0,2.0,0.0,2.0,1.0,27.0,2.0,1.0,2.0,2.0,1.0,1.0,0.0,b'good'
687,1.0,36.0,3.0,0.0,2862.0,1.0,4.0,4.0,2.0,0.0,3.0,3.0,30.0,2.0,2.0,1.0,2.0,1.0,0.0,0.0,b'good'
688,3.0,9.0,2.0,3.0,2753.0,1.0,4.0,3.0,2.0,1.0,4.0,2.0,35.0,2.0,1.0,1.0,2.0,1.0,1.0,0.0,b'good'
689,0.0,12.0,2.0,0.0,3651.0,3.0,2.0,1.0,2.0,0.0,3.0,1.0,31.0,2.0,1.0,1.0,2.0,2.0,0.0,0.0,b'good'
690,0.0,15.0,4.0,2.0,975.0,0.0,2.0,2.0,0.0,0.0,3.0,1.0,25.0,2.0,1.0,2.0,2.0,1.0,0.0,0.0,b'good'
691,1.0,15.0,2.0,5.0,2631.0,1.0,2.0,3.0,1.0,0.0,2.0,0.0,25.0,2.0,1.0,1.0,1.0,1.0,0.0,0.0,b'good'
692,1.0,24.0,2.0,3.0,2896.0,1.0,1.0,2.0,2.0,0.0,1.0,2.0,29.0,2.0,1.0,1.0,2.0,1.0,0.0,0.0,b'good'
693,0.0,6.0,4.0,0.0,4716.0,4.0,1.0,1.0,2.0,0.0,3.0,0.0,44.0,2.0,1.0,2.0,1.0,2.0,0.0,0.0,b'good'
694,3.0,24.0,2.0,3.0,2284.0,0.0,3.0,4.0,2.0,0.0,2.0,2.0,28.0,2.0,1.0,1.0,2.0,1.0,1.0,0.0,b'good'
695,3.0,6.0,2.0,1.0,1236.0,2.0,2.0,2.0,2.0,0.0,4.0,1.0,50.0,2.0,0.0,1.0,2.0,1.0,0.0,0.0,b'good'
696,1.0,12.0,2.0,3.0,1103.0,0.0,3.0,4.0,2.0,2.0,3.0,0.0,29.0,2.0,1.0,2.0,2.0,1.0,0.0,1.0,b'good'
697,3.0,12.0,4.0,0.0,926.0,0.0,0.0,1.0,1.0,0.0,2.0,1.0,38.0,2.0,1.0,1.0,0.0,1.0,0.0,0.0,b'good'
698,3.0,18.0,4.0,3.0,1800.0,0.0,2.0,4.0,2.0,0.0,2.0,2.0,24.0,2.0,1.0,2.0,2.0,1.0,0.0,0.0,b'good'
699,2.0,15.0,2.0,6.0,1905.0,0.0,4.0,4.0,2.0,0.0,4.0,2.0,40.0,2.0,0.0,1.0,3.0,1.0,1.0,0.0,b'good'
700,3.0,12.0,2.0,2.0,1123.0,2.0,2.0,4.0,1.0,0.0,4.0,2.0,29.0,2.0,0.0,1.0,1.0,1.0,0.0,0.0,b'bad'
701,0.0,48.0,4.0,1.0,6331.0,0.0,4.0,4.0,2.0,0.0,4.0,3.0,46.0,2.0,2.0,2.0,2.0,1.0,1.0,0.0,b'bad'
702,2.0,24.0,2.0,3.0,1377.0,1.0,4.0,4.0,1.0,0.0,2.0,3.0,47.0,2.0,2.0,1.0,2.0,1.0,1.0,0.0,b'good'
703,1.0,30.0,3.0,9.0,2503.0,1.0,4.0,4.0,2.0,0.0,2.0,1.0,41.0,1.0,1.0,2.0,2.0,1.0,0.0,0.0,b'good'
704,1.0,27.0,2.0,9.0,2528.0,0.0,1.0,4.0,1.0,0.0,1.0,1.0,32.0,2.0,1.0,1.0,2.0,2.0,1.0,0.0,b'good'
705,3.0,15.0,2.0,0.0,5324.0,2.0,4.0,1.0,1.0,0.0,4.0,3.0,35.0,2.0,2.0,1.0,2.0,1.0,0.0,0.0,b'good'
706,1.0,48.0,2.0,0.0,6560.0,1.0,3.0,3.0,2.0,0.0,2.0,1.0,24.0,2.0,1.0,1.0,2.0,1.0,0.0,0.0,b'bad'
707,1.0,12.0,0.0,2.0,2969.0,0.0,1.0,4.0,1.0,0.0,3.0,1.0,25.0,2.0,0.0,2.0,2.0,1.0,0.0,0.0,b'bad'
708,1.0,9.0,2.0,3.0,1206.0,0.0,4.0,4.0,1.0,0.0,4.0,0.0,25.0,2.0,1.0,1.0,2.0,1.0,0.0,0.0,b'good'
709,1.0,9.0,2.0,3.0,2118.0,0.0,2.0,2.0,2.0,0.0,2.0,0.0,37.0,2.0,1.0,1.0,1.0,2.0,0.0,0.0,b'good'
710,3.0,18.0,4.0,3.0,629.0,2.0,4.0,4.0,2.0,0.0,3.0,1.0,32.0,0.0,1.0,2.0,3.0,1.0,1.0,0.0,b'good'
711,0.0,6.0,1.0,6.0,1198.0,0.0,4.0,4.0,1.0,0.0,4.0,3.0,35.0,2.0,2.0,1.0,2.0,1.0,0.0,0.0,b'bad'
712,3.0,21.0,2.0,1.0,2476.0,4.0,4.0,4.0,2.0,0.0,4.0,0.0,46.0,2.0,1.0,1.0,3.0,1.0,1.0,0.0,b'good'
713,0.0,9.0,4.0,3.0,1138.0,0.0,2.0,4.0,2.0,0.0,4.0,0.0,25.0,2.0,1.0,2.0,1.0,1.0,0.0,0.0,b'good'
714,1.0,60.0,2.0,0.0,14027.0,0.0,3.0,4.0,2.0,0.0,2.0,3.0,27.0,2.0,1.0,1.0,3.0,1.0,1.0,0.0,b'bad'
715,3.0,30.0,4.0,1.0,7596.0,4.0,4.0,1.0,2.0,0.0,4.0,2.0,63.0,2.0,1.0,2.0,2.0,1.0,0.0,0.0,b'good'
716,3.0,30.0,4.0,3.0,3077.0,4.0,4.0,3.0,2.0,0.0,2.0,2.0,40.0,2.0,1.0,2.0,2.0,2.0,1.0,0.0,b'good'
717,3.0,18.0,2.0,3.0,1505.0,0.0,2.0,4.0,2.0,0.0,2.0,3.0,32.0,2.0,2.0,1.0,3.0,1.0,1.0,0.0,b'good'
718,2.0,24.0,4.0,3.0,3148.0,4.0,2.0,3.0,2.0,0.0,2.0,2.0,31.0,2.0,1.0,2.0,2.0,1.0,1.0,0.0,b'good'
719,1.0,20.0,0.0,1.0,6148.0,1.0,4.0,3.0,3.0,0.0,4.0,2.0,31.0,0.0,1.0,2.0,2.0,1.0,1.0,0.0,b'good'
720,2.0,9.0,0.0,3.0,1337.0,0.0,1.0,4.0,2.0,0.0,2.0,2.0,34.0,2.0,1.0,2.0,3.0,1.0,1.0,0.0,b'bad'
721,1.0,6.0,1.0,6.0,433.0,3.0,1.0,4.0,1.0,0.0,2.0,1.0,24.0,0.0,0.0,1.0,2.0,2.0,0.0,0.0,b'bad'
722,0.0,12.0,2.0,0.0,1228.0,0.0,2.0,4.0,1.0,0.0,2.0,0.0,24.0,2.0,1.0,1.0,1.0,1.0,0.0,0.0,b'bad'
723,1.0,9.0,2.0,3.0,790.0,2.0,2.0,4.0,1.0,0.0,3.0,0.0,66.0,2.0,1.0,1.0,1.0,1.0,0.0,0.0,b'good'
724,3.0,27.0,2.0,0.0,2570.0,0.0,2.0,3.0,1.0,0.0,3.0,0.0,21.0,2.0,0.0,1.0,2.0,1.0,0.0,0.0,b'bad'
725,3.0,6.0,4.0,0.0,250.0,3.0,2.0,2.0,1.0,0.0,2.0,0.0,41.0,0.0,1.0,2.0,1.0,1.0,0.0,0.0,b'good'
726,3.0,15.0,4.0,3.0,1316.0,2.0,2.0,2.0,3.0,0.0,2.0,1.0,47.0,2.0,1.0,2.0,1.0,1.0,0.0,0.0,b'good'
727,0.0,18.0,2.0,3.0,1882.0,0.0,2.0,4.0,1.0,0.0,4.0,2.0,25.0,0.0,0.0,2.0,2.0,1.0,0.0,0.0,b'bad'
728,1.0,48.0,1.0,9.0,6416.0,0.0,4.0,4.0,1.0,0.0,3.0,3.0,59.0,2.0,0.0,1.0,2.0,1.0,0.0,0.0,b'bad'
729,2.0,24.0,4.0,9.0,1275.0,3.0,2.0,2.0,0.0,0.0,4.0,0.0,36.0,2.0,1.0,2.0,2.0,1.0,1.0,0.0,b'good'
730,1.0,24.0,3.0,3.0,6403.0,0.0,1.0,1.0,2.0,0.0,2.0,2.0,33.0,2.0,1.0,1.0,2.0,1.0,0.0,0.0,b'good'
731,0.0,24.0,2.0,3.0,1987.0,0.0,2.0,2.0,2.0,0.0,4.0,0.0,21.0,2.0,0.0,1.0,1.0,2.0,0.0,0.0,b'bad'
732,1.0,8.0,2.0,3.0,760.0,0.0,3.0,4.0,1.0,2.0,2.0,0.0,44.0,2.0,1.0,1.0,1.0,1.0,0.0,0.0,b'good'
733,3.0,24.0,2.0,1.0,2603.0,3.0,2.0,2.0,1.0,0.0,4.0,2.0,28.0,2.0,0.0,1.0,2.0,1.0,1.0,0.0,b'good'
734,3.0,4.0,4.0,0.0,3380.0,0.0,3.0,1.0,1.0,0.0,1.0,0.0,37.0,2.0,1.0,1.0,2.0,2.0,0.0,0.0,b'good'
735,1.0,36.0,1.0,4.0,3990.0,4.0,1.0,3.0,1.0,0.0,2.0,3.0,29.0,0.0,1.0,1.0,0.0,1.0,0.0,0.0,b'good'
736,1.0,24.0,2.0,1.0,11560.0,0.0,2.0,1.0,1.0,0.0,4.0,2.0,23.0,2.0,0.0,2.0,3.0,1.0,0.0,0.0,b'bad'
737,0.0,18.0,2.0,0.0,4380.0,1.0,2.0,3.0,2.0,0.0,4.0,2.0,35.0,2.0,1.0,1.0,1.0,2.0,1.0,0.0,b'good'
738,3.0,6.0,4.0,0.0,6761.0,0.0,3.0,1.0,2.0,0.0,3.0,3.0,45.0,2.0,1.0,2.0,3.0,2.0,1.0,0.0,b'good'
739,1.0,30.0,0.0,9.0,4280.0,1.0,2.0,4.0,1.0,0.0,4.0,2.0,26.0,2.0,0.0,2.0,1.0,1.0,0.0,0.0,b'bad'
740,0.0,24.0,1.0,0.0,2325.0,1.0,3.0,2.0,2.0,0.0,3.0,2.0,32.0,0.0,1.0,1.0,2.0,1.0,0.0,0.0,b'good'
741,1.0,10.0,1.0,3.0,1048.0,0.0,2.0,4.0,2.0,0.0,4.0,0.0,23.0,1.0,1.0,1.0,1.0,1.0,0.0,0.0,b'good'
742,3.0,21.0,2.0,3.0,3160.0,4.0,4.0,4.0,2.0,0.0,3.0,1.0,41.0,2.0,1.0,1.0,2.0,1.0,1.0,0.0,b'good'
743,0.0,24.0,1.0,2.0,2483.0,2.0,2.0,4.0,2.0,0.0,4.0,0.0,22.0,1.0,1.0,1.0,2.0,1.0,1.0,0.0,b'good'
744,0.0,39.0,4.0,2.0,14179.0,4.0,3.0,4.0,2.0,0.0,4.0,1.0,30.0,2.0,1.0,2.0,3.0,1.0,1.0,0.0,b'good'
745,0.0,13.0,4.0,9.0,1797.0,0.0,1.0,3.0,2.0,0.0,1.0,1.0,28.0,0.0,1.0,2.0,1.0,1.0,0.0,0.0,b'good'
746,0.0,15.0,2.0,0.0,2511.0,0.0,0.0,1.0,1.0,0.0,4.0,2.0,23.0,2.0,0.0,1.0,2.0,1.0,0.0,0.0,b'good'
747,0.0,12.0,2.0,0.0,1274.0,0.0,1.0,3.0,1.0,0.0,1.0,0.0,37.0,2.0,1.0,1.0,1.0,1.0,0.0,0.0,b'bad'
748,3.0,21.0,2.0,1.0,5248.0,4.0,2.0,1.0,2.0,0.0,3.0,2.0,26.0,2.0,1.0,1.0,2.0,1.0,0.0,0.0,b'good'
749,3.0,15.0,2.0,1.0,3029.0,0.0,3.0,2.0,2.0,0.0,2.0,2.0,33.0,2.0,1.0,1.0,2.0,1.0,0.0,0.0,b'good'
750,0.0,6.0,2.0,2.0,428.0,0.0,4.0,2.0,1.0,0.0,1.0,1.0,49.0,0.0,1.0,1.0,2.0,1.0,1.0,0.0,b'good'
751,0.0,18.0,2.0,0.0,976.0,0.0,1.0,1.0,1.0,0.0,2.0,2.0,23.0,2.0,1.0,1.0,1.0,1.0,0.0,0.0,b'bad'
752,1.0,12.0,2.0,9.0,841.0,1.0,3.0,2.0,1.0,0.0,4.0,0.0,23.0,2.0,0.0,1.0,1.0,1.0,0.0,0.0,b'good'
753,3.0,30.0,4.0,3.0,5771.0,0.0,3.0,4.0,1.0,0.0,2.0,2.0,25.0,2.0,1.0,2.0,2.0,1.0,0.0,0.0,b'good'
754,3.0,12.0,3.0,5.0,1555.0,3.0,4.0,4.0,2.0,0.0,4.0,3.0,55.0,2.0,2.0,2.0,2.0,2.0,0.0,0.0,b'bad'
755,0.0,24.0,2.0,0.0,1285.0,4.0,3.0,4.0,1.0,0.0,4.0,3.0,32.0,2.0,0.0,1.0,2.0,1.0,0.0,0.0,b'bad'
756,2.0,6.0,4.0,0.0,1299.0,0.0,2.0,1.0,2.0,0.0,1.0,0.0,74.0,2.0,1.0,3.0,0.0,2.0,0.0,1.0,b'good'
757,2.0,15.0,4.0,3.0,1271.0,4.0,2.0,3.0,2.0,0.0,4.0,3.0,39.0,2.0,2.0,2.0,2.0,1.0,1.0,0.0,b'bad'
758,3.0,24.0,2.0,0.0,1393.0,0.0,2.0,2.0,2.0,2.0,2.0,0.0,31.0,2.0,1.0,1.0,2.0,1.0,1.0,0.0,b'good'
759,0.0,12.0,4.0,0.0,691.0,0.0,4.0,4.0,2.0,0.0,3.0,1.0,35.0,2.0,1.0,2.0,2.0,1.0,0.0,0.0,b'bad'
760,3.0,15.0,4.0,0.0,5045.0,4.0,4.0,1.0,1.0,0.0,4.0,2.0,59.0,2.0,1.0,1.0,2.0,1.0,1.0,0.0,b'good'
761,0.0,18.0,4.0,2.0,2124.0,0.0,2.0,4.0,1.0,0.0,4.0,0.0,24.0,2.0,0.0,2.0,2.0,1.0,0.0,0.0,b'bad'
762,0.0,12.0,2.0,3.0,2214.0,0.0,2.0,4.0,2.0,0.0,3.0,1.0,24.0,2.0,1.0,1.0,1.0,1.0,0.0,0.0,b'good'
763,3.0,21.0,4.0,0.0,12680.0,4.0,4.0,4.0,2.0,0.0,4.0,3.0,30.0,2.0,2.0,1.0,3.0,1.0,1.0,0.0,b'bad'
764,3.0,24.0,4.0,0.0,2463.0,1.0,3.0,4.0,3.0,0.0,3.0,1.0,27.0,2.0,1.0,2.0,2.0,1.0,1.0,0.0,b'good'
765,1.0,12.0,2.0,3.0,1155.0,0.0,4.0,3.0,3.0,2.0,3.0,0.0,40.0,0.0,1.0,2.0,1.0,1.0,0.0,0.0,b'good'
766,0.0,30.0,2.0,2.0,3108.0,0.0,1.0,2.0,0.0,0.0,4.0,1.0,31.0,2.0,1.0,1.0,1.0,1.0,0.0,0.0,b'bad'
767,3.0,10.0,2.0,1.0,2901.0,4.0,1.0,1.0,1.0,0.0,4.0,0.0,31.0,2.0,0.0,1.0,2.0,1.0,0.0,0.0,b'good'
768,1.0,12.0,4.0,2.0,3617.0,0.0,4.0,1.0,2.0,0.0,4.0,2.0,28.0,2.0,0.0,3.0,2.0,1.0,1.0,0.0,b'good'
769,3.0,12.0,4.0,3.0,1655.0,0.0,4.0,2.0,2.0,0.0,4.0,0.0,63.0,2.0,1.0,2.0,1.0,1.0,1.0,0.0,b'good'
770,0.0,24.0,2.0,1.0,2812.0,4.0,4.0,2.0,1.0,0.0,4.0,0.0,26.0,2.0,0.0,1.0,2.0,1.0,0.0,0.0,b'good'
771,0.0,36.0,4.0,6.0,8065.0,0.0,2.0,3.0,1.0,0.0,2.0,3.0,25.0,2.0,1.0,2.0,3.0,1.0,1.0,0.0,b'bad'
772,3.0,21.0,4.0,1.0,3275.0,0.0,4.0,1.0,2.0,0.0,4.0,2.0,36.0,2.0,1.0,1.0,3.0,1.0,1.0,0.0,b'good'
773,3.0,24.0,4.0,3.0,2223.0,1.0,4.0,4.0,2.0,0.0,4.0,1.0,52.0,0.0,1.0,2.0,2.0,1.0,0.0,0.0,b'good'
774,2.0,12.0,4.0,0.0,1480.0,2.0,0.0,2.0,2.0,0.0,4.0,3.0,66.0,0.0,2.0,3.0,0.0,1.0,0.0,0.0,b'good'
775,0.0,24.0,2.0,0.0,1371.0,4.0,2.0,4.0,1.0,0.0,4.0,0.0,25.0,2.0,0.0,1.0,2.0,1.0,0.0,0.0,b'bad'
776,3.0,36.0,4.0,0.0,3535.0,0.0,3.0,4.0,2.0,0.0,4.0,2.0,37.0,2.0,1.0,2.0,2.0,1.0,1.0,0.0,b'good'
777,0.0,18.0,2.0,3.0,3509.0,0.0,3.0,4.0,1.0,2.0,1.0,0.0,25.0,2.0,1.0,1.0,2.0,1.0,0.0,0.0,b'good'
778,3.0,36.0,4.0,1.0,5711.0,3.0,4.0,4.0,2.0,0.0,2.0,2.0,38.0,2.0,1.0,2.0,3.0,1.0,1.0,0.0,b'good'
779,1.0,18.0,2.0,5.0,3872.0,0.0,0.0,2.0,1.0,0.0,4.0,2.0,67.0,2.0,1.0,1.0,2.0,1.0,1.0,0.0,b'good'
780,1.0,39.0,4.0,3.0,4933.0,0.0,3.0,2.0,2.0,2.0,2.0,0.0,25.0,2.0,1.0,2.0,2.0,1.0,0.0,0.0,b'bad'
781,3.0,24.0,4.0,0.0,1940.0,3.0,4.0,4.0,2.0,0.0,4.0,0.0,60.0,2.0,1.0,1.0,2.0,1.0,1.0,0.0,b'good'
782,1.0,12.0,0.0,8.0,1410.0,0.0,2.0,2.0,2.0,0.0,2.0,0.0,31.0,2.0,1.0,1.0,1.0,1.0,1.0,0.0,b'good'
783,1.0,12.0,2.0,0.0,836.0,1.0,1.0,4.0,1.0,0.0,2.0,1.0,23.0,0.0,1.0,1.0,1.0,1.0,0.0,0.0,b'bad'
784,1.0,20.0,2.0,1.0,6468.0,4.0,0.0,1.0,0.0,0.0,4.0,0.0,60.0,2.0,1.0,1.0,3.0,1.0,1.0,0.0,b'good'
785,1.0,18.0,2.0,9.0,1941.0,3.0,2.0,4.0,2.0,0.0,2.0,1.0,35.0,2.0,1.0,1.0,1.0,1.0,1.0,0.0,b'good'
786,3.0,22.0,2.0,3.0,2675.0,2.0,4.0,3.0,2.0,0.0,4.0,2.0,40.0,2.0,1.0,1.0,2.0,1.0,0.0,0.0,b'good'
787,3.0,48.0,4.0,1.0,2751.0,4.0,4.0,4.0,2.0,0.0,3.0,2.0,38.0,2.0,1.0,2.0,2.0,2.0,1.0,0.0,b'good'
788,1.0,48.0,3.0,6.0,6224.0,0.0,4.0,4.0,2.0,0.0,4.0,3.0,50.0,2.0,2.0,1.0,2.0,1.0,0.0,0.0,b'bad'
789,0.0,40.0,4.0,6.0,5998.0,0.0,2.0,4.0,2.0,0.0,3.0,3.0,27.0,0.0,1.0,1.0,2.0,1.0,1.0,0.0,b'bad'
790,1.0,21.0,2.0,9.0,1188.0,0.0,4.0,2.0,1.0,0.0,4.0,1.0,39.0,2.0,1.0,1.0,2.0,2.0,0.0,0.0,b'bad'
791,3.0,24.0,2.0,1.0,6313.0,4.0,4.0,3.0,2.0,0.0,4.0,2.0,41.0,2.0,1.0,1.0,3.0,2.0,1.0,0.0,b'good'
792,3.0,6.0,4.0,2.0,1221.0,4.0,2.0,1.0,3.0,0.0,2.0,1.0,27.0,2.0,1.0,2.0,2.0,1.0,0.0,0.0,b'good'
793,2.0,24.0,2.0,2.0,2892.0,0.0,4.0,3.0,0.0,0.0,4.0,3.0,51.0,2.0,2.0,1.0,2.0,1.0,0.0,0.0,b'good'
794,3.0,24.0,2.0,2.0,3062.0,2.0,4.0,4.0,2.0,0.0,3.0,3.0,32.0,2.0,0.0,1.0,2.0,1.0,1.0,0.0,b'good'
795,3.0,9.0,2.0,2.0,2301.0,1.0,1.0,2.0,1.0,0.0,4.0,1.0,22.0,2.0,0.0,1.0,2.0,1.0,0.0,0.0,b'good'
796,0.0,18.0,2.0,1.0,7511.0,4.0,4.0,1.0,2.0,0.0,4.0,1.0,51.0,2.0,2.0,1.0,2.0,2.0,1.0,0.0,b'bad'
797,3.0,12.0,4.0,2.0,1258.0,0.0,1.0,2.0,1.0,0.0,4.0,1.0,22.0,2.0,0.0,2.0,1.0,1.0,0.0,0.0,b'good'
798,3.0,24.0,3.0,0.0,717.0,4.0,4.0,4.0,3.0,0.0,4.0,2.0,54.0,2.0,1.0,2.0,2.0,1.0,1.0,0.0,b'good'
799,1.0,9.0,2.0,0.0,1549.0,4.0,1.0,4.0,2.0,0.0,2.0,0.0,35.0,2.0,1.0,1.0,0.0,1.0,0.0,0.0,b'good'
800,3.0,24.0,4.0,6.0,1597.0,0.0,4.0,4.0,2.0,0.0,4.0,3.0,54.0,2.0,2.0,2.0,2.0,2.0,0.0,0.0,b'good'
801,1.0,18.0,4.0,3.0,1795.0,0.0,4.0,3.0,1.0,2.0,4.0,0.0,48.0,0.0,0.0,2.0,1.0,1.0,1.0,0.0,b'good'
802,0.0,20.0,4.0,2.0,4272.0,0.0,4.0,1.0,1.0,0.0,4.0,1.0,24.0,2.0,1.0,2.0,2.0,1.0,0.0,0.0,b'good'
803,3.0,12.0,4.0,3.0,976.0,4.0,4.0,4.0,2.0,0.0,4.0,2.0,35.0,2.0,1.0,2.0,2.0,1.0,0.0,0.0,b'good'
804,1.0,12.0,2.0,0.0,7472.0,4.0,0.0,1.0,1.0,0.0,2.0,0.0,24.0,2.0,0.0,1.0,0.0,1.0,0.0,0.0,b'good'
805,0.0,36.0,2.0,0.0,9271.0,0.0,3.0,2.0,2.0,0.0,1.0,2.0,24.0,2.0,1.0,1.0,2.0,1.0,1.0,0.0,b'bad'
806,1.0,6.0,2.0,3.0,590.0,0.0,1.0,3.0,3.0,0.0,3.0,0.0,26.0,2.0,1.0,1.0,1.0,1.0,0.0,1.0,b'good'
807,3.0,12.0,4.0,3.0,930.0,4.0,4.0,4.0,2.0,0.0,4.0,0.0,65.0,2.0,1.0,4.0,2.0,1.0,0.0,0.0,b'good'
808,1.0,42.0,1.0,1.0,9283.0,0.0,0.0,1.0,2.0,0.0,2.0,3.0,55.0,0.0,2.0,1.0,3.0,1.0,1.0,0.0,b'good'
809,1.0,15.0,0.0,0.0,1778.0,0.0,1.0,2.0,1.0,0.0,1.0,0.0,26.0,2.0,0.0,2.0,0.0,1.0,0.0,0.0,b'bad'
810,1.0,8.0,2.0,9.0,907.0,0.0,1.0,3.0,3.0,0.0,2.0,0.0,26.0,2.0,1.0,1.0,2.0,1.0,1.0,0.0,b'good'
811,1.0,6.0,2.0,3.0,484.0,0.0,3.0,3.0,3.0,2.0,3.0,0.0,28.0,0.0,1.0,1.0,1.0,1.0,0.0,0.0,b'good'
812,0.0,36.0,4.0,1.0,9629.0,0.0,3.0,4.0,2.0,0.0,4.0,2.0,24.0,2.0,1.0,2.0,2.0,1.0,1.0,0.0,b'bad'
813,0.0,48.0,2.0,4.0,3051.0,0.0,2.0,3.0,2.0,0.0,4.0,2.0,54.0,2.0,1.0,1.0,2.0,1.0,0.0,0.0,b'bad'
814,0.0,48.0,2.0,0.0,3931.0,0.0,3.0,4.0,2.0,0.0,4.0,3.0,46.0,2.0,2.0,1.0,2.0,2.0,0.0,0.0,b'bad'
815,1.0,36.0,3.0,0.0,7432.0,0.0,2.0,2.0,1.0,0.0,2.0,1.0,54.0,2.0,0.0,1.0,2.0,1.0,0.0,0.0,b'good'
816,3.0,6.0,2.0,4.0,1338.0,2.0,2.0,1.0,0.0,0.0,4.0,0.0,62.0,2.0,1.0,1.0,2.0,1.0,0.0,0.0,b'good'
817,3.0,6.0,4.0,3.0,1554.0,0.0,3.0,1.0,1.0,0.0,2.0,2.0,24.0,2.0,0.0,2.0,2.0,1.0,1.0,0.0,b'good'
818,0.0,36.0,2.0,10.0,15857.0,0.0,0.0,2.0,0.0,1.0,3.0,2.0,43.0,2.0,1.0,1.0,3.0,1.0,0.0,0.0,b'good'
819,0.0,18.0,2.0,3.0,1345.0,0.0,2.0,4.0,3.0,0.0,3.0,0.0,26.0,0.0,1.0,1.0,2.0,1.0,0.0,0.0,b'bad'
820,3.0,12.0,2.0,0.0,1101.0,0.0,2.0,3.0,3.0,0.0,2.0,0.0,27.0,2.0,1.0,2.0,2.0,1.0,1.0,0.0,b'good'
821,2.0,12.0,2.0,3.0,3016.0,0.0,2.0,3.0,3.0,0.0,1.0,2.0,24.0,2.0,1.0,1.0,2.0,1.0,0.0,0.0,b'good'
822,0.0,36.0,2.0,2.0,2712.0,0.0,4.0,2.0,2.0,0.0,2.0,1.0,41.0,0.0,1.0,1.0,2.0,2.0,0.0,0.0,b'bad'
823,0.0,8.0,4.0,0.0,731.0,0.0,4.0,4.0,2.0,0.0,4.0,0.0,47.0,2.0,1.0,2.0,1.0,1.0,0.0,0.0,b'good'
824,3.0,18.0,4.0,2.0,3780.0,0.0,1.0,3.0,0.0,0.0,2.0,2.0,35.0,2.0,1.0,2.0,3.0,1.0,1.0,0.0,b'good'
825,0.0,21.0,4.0,0.0,1602.0,0.0,4.0,4.0,3.0,0.0,3.0,2.0,30.0,2.0,1.0,2.0,2.0,1.0,1.0,0.0,b'good'
826,0.0,18.0,4.0,0.0,3966.0,0.0,4.0,1.0,1.0,0.0,4.0,0.0,33.0,0.0,0.0,3.0,2.0,1.0,1.0,0.0,b'bad'
827,3.0,18.0,0.0,9.0,4165.0,0.0,2.0,2.0,2.0,0.0,2.0,2.0,36.0,1.0,1.0,2.0,2.0,2.0,0.0,0.0,b'bad'
828,0.0,36.0,2.0,1.0,8335.0,4.0,4.0,3.0,2.0,0.0,4.0,3.0,47.0,2.0,2.0,1.0,2.0,1.0,0.0,0.0,b'bad'
829,1.0,48.0,3.0,9.0,6681.0,4.0,2.0,4.0,2.0,0.0,4.0,3.0,38.0,2.0,2.0,1.0,2.0,2.0,1.0,0.0,b'good'
830,3.0,24.0,3.0,9.0,2375.0,2.0,2.0,4.0,2.0,0.0,2.0,2.0,44.0,2.0,1.0,2.0,2.0,2.0,1.0,0.0,b'good'
831,0.0,18.0,2.0,0.0,1216.0,0.0,1.0,4.0,1.0,0.0,3.0,2.0,23.0,2.0,0.0,1.0,2.0,1.0,1.0,0.0,b'bad'
832,0.0,45.0,0.0,9.0,11816.0,0.0,4.0,2.0,2.0,0.0,4.0,2.0,29.0,2.0,0.0,2.0,2.0,1.0,0.0,0.0,b'bad'
833,1.0,24.0,2.0,3.0,5084.0,4.0,4.0,2.0,1.0,0.0,4.0,2.0,42.0,2.0,1.0,1.0,2.0,1.0,1.0,0.0,b'good'
834,2.0,15.0,2.0,3.0,2327.0,0.0,1.0,2.0,1.0,0.0,3.0,0.0,25.0,2.0,1.0,1.0,1.0,1.0,0.0,0.0,b'bad'
835,0.0,12.0,0.0,0.0,1082.0,0.0,2.0,4.0,2.0,0.0,4.0,2.0,48.0,0.0,1.0,2.0,2.0,1.0,0.0,0.0,b'bad'
836,3.0,12.0,2.0,3.0,886.0,4.0,2.0,4.0,1.0,0.0,2.0,2.0,21.0,2.0,1.0,1.0,2.0,1.0,0.0,0.0,b'good'
837,3.0,4.0,2.0,2.0,601.0,0.0,1.0,1.0,1.0,0.0,3.0,0.0,23.0,2.0,0.0,1.0,1.0,2.0,0.0,0.0,b'good'
838,0.0,24.0,4.0,1.0,2957.0,0.0,4.0,4.0,2.0,0.0,4.0,1.0,63.0,2.0,1.0,2.0,2.0,1.0,1.0,0.0,b'good'
839,3.0,24.0,4.0,3.0,2611.0,0.0,4.0,4.0,3.0,1.0,3.0,0.0,46.0,2.0,1.0,2.0,2.0,1.0,0.0,0.0,b'good'
840,0.0,36.0,2.0,2.0,5179.0,0.0,3.0,4.0,2.0,0.0,2.0,1.0,29.0,2.0,1.0,1.0,2.0,1.0,0.0,0.0,b'bad'
841,3.0,21.0,3.0,1.0,2993.0,0.0,2.0,3.0,2.0,0.0,2.0,0.0,28.0,1.0,1.0,2.0,1.0,1.0,0.0,0.0,b'good'
842,3.0,18.0,2.0,5.0,1943.0,0.0,1.0,4.0,1.0,0.0,4.0,0.0,23.0,2.0,1.0,1.0,2.0,1.0,0.0,0.0,b'bad'
843,3.0,24.0,1.0,9.0,1559.0,0.0,3.0,4.0,2.0,0.0,4.0,2.0,50.0,0.0,1.0,1.0,2.0,1.0,1.0,0.0,b'good'
844,3.0,18.0,2.0,2.0,3422.0,0.0,4.0,4.0,2.0,0.0,4.0,1.0,47.0,0.0,1.0,3.0,2.0,2.0,1.0,0.0,b'good'
845,1.0,21.0,2.0,2.0,3976.0,4.0,3.0,2.0,2.0,0.0,3.0,2.0,35.0,2.0,1.0,1.0,2.0,1.0,1.0,0.0,b'good'
846,3.0,18.0,2.0,0.0,6761.0,4.0,2.0,2.0,2.0,0.0,4.0,2.0,68.0,2.0,0.0,2.0,2.0,1.0,0.0,0.0,b'bad'
847,3.0,24.0,2.0,0.0,1249.0,0.0,1.0,4.0,3.0,0.0,2.0,0.0,28.0,2.0,1.0,1.0,2.0,1.0,0.0,0.0,b'good'
848,0.0,9.0,2.0,3.0,1364.0,0.0,3.0,3.0,2.0,0.0,4.0,0.0,59.0,2.0,1.0,1.0,2.0,1.0,0.0,0.0,b'good'
849,0.0,12.0,2.0,3.0,709.0,0.0,4.0,4.0,2.0,0.0,4.0,0.0,57.0,1.0,1.0,1.0,1.0,1.0,0.0,0.0,b'bad'
850,0.0,20.0,4.0,0.0,2235.0,0.0,2.0,4.0,3.0,2.0,2.0,1.0,33.0,0.0,0.0,2.0,2.0,1.0,0.0,1.0,b'bad'
851,3.0,24.0,4.0,1.0,4042.0,4.0,3.0,3.0,2.0,0.0,4.0,1.0,43.0,2.0,1.0,2.0,2.0,1.0,1.0,0.0,b'good'
852,3.0,15.0,4.0,3.0,1471.0,0.0,2.0,4.0,2.0,0.0,4.0,3.0,35.0,2.0,2.0,2.0,2.0,1.0,1.0,0.0,b'good'
853,0.0,18.0,1.0,0.0,1442.0,0.0,3.0,4.0,2.0,0.0,4.0,3.0,32.0,2.0,2.0,2.0,1.0,2.0,0.0,0.0,b'bad'
854,3.0,36.0,3.0,0.0,10875.0,0.0,4.0,2.0,2.0,0.0,2.0,2.0,45.0,2.0,1.0,2.0,2.0,2.0,1.0,0.0,b'good'
855,3.0,24.0,2.0,0.0,1474.0,1.0,1.0,4.0,3.0,0.0,3.0,0.0,33.0,2.0,1.0,1.0,2.0,1.0,1.0,0.0,b'good'
856,3.0,10.0,2.0,8.0,894.0,4.0,3.0,4.0,1.0,0.0,3.0,1.0,40.0,2.0,1.0,1.0,2.0,1.0,1.0,0.0,b'good'
857,3.0,15.0,4.0,2.0,3343.0,0.0,2.0,4.0,2.0,0.0,2.0,3.0,28.0,2.0,2.0,1.0,2.0,1.0,1.0,0.0,b'good'
858,0.0,15.0,2.0,0.0,3959.0,0.0,2.0,3.0,1.0,0.0,2.0,1.0,29.0,2.0,1.0,1.0,2.0,1.0,1.0,0.0,b'bad'
859,3.0,9.0,2.0,0.0,3577.0,1.0,2.0,1.0,2.0,2.0,2.0,0.0,26.0,2.0,0.0,1.0,2.0,2.0,0.0,1.0,b'good'
860,3.0,24.0,4.0,1.0,5804.0,3.0,2.0,4.0,2.0,0.0,2.0,0.0,27.0,2.0,1.0,2.0,2.0,1.0,0.0,0.0,b'good'
861,3.0,18.0,3.0,9.0,2169.0,0.0,2.0,4.0,3.0,0.0,2.0,2.0,28.0,2.0,1.0,1.0,2.0,1.0,1.0,0.0,b'bad'
862,0.0,24.0,2.0,3.0,2439.0,0.0,1.0,4.0,1.0,0.0,4.0,0.0,35.0,2.0,1.0,1.0,2.0,1.0,1.0,0.0,b'bad'
863,3.0,27.0,4.0,2.0,4526.0,3.0,1.0,4.0,2.0,0.0,2.0,0.0,32.0,1.0,1.0,2.0,1.0,2.0,1.0,0.0,b'good'
864,3.0,10.0,2.0,2.0,2210.0,0.0,2.0,2.0,2.0,0.0,2.0,0.0,25.0,0.0,0.0,1.0,1.0,1.0,0.0,0.0,b'bad'
865,3.0,15.0,2.0,2.0,2221.0,2.0,2.0,2.0,1.0,0.0,4.0,2.0,20.0,2.0,0.0,1.0,2.0,1.0,0.0,0.0,b'good'
866,0.0,18.0,2.0,3.0,2389.0,0.0,1.0,4.0,1.0,0.0,1.0,2.0,27.0,1.0,1.0,1.0,2.0,1.0,0.0,0.0,b'good'
867,3.0,12.0,4.0,2.0,3331.0,0.0,4.0,2.0,2.0,0.0,4.0,1.0,42.0,1.0,1.0,1.0,2.0,1.0,0.0,0.0,b'good'
868,3.0,36.0,2.0,9.0,7409.0,4.0,4.0,3.0,2.0,0.0,2.0,1.0,37.0,2.0,1.0,2.0,2.0,1.0,0.0,0.0,b'good'
869,0.0,12.0,2.0,2.0,652.0,0.0,4.0,4.0,1.0,0.0,4.0,1.0,24.0,2.0,0.0,1.0,2.0,1.0,0.0,0.0,b'good'
870,3.0,36.0,3.0,2.0,7678.0,2.0,3.0,2.0,1.0,0.0,4.0,2.0,40.0,2.0,1.0,2.0,2.0,1.0,1.0,0.0,b'good'
871,2.0,6.0,4.0,0.0,1343.0,0.0,4.0,1.0,2.0,0.0,4.0,0.0,46.0,2.0,1.0,2.0,2.0,2.0,0.0,1.0,b'good'
872,0.0,24.0,4.0,9.0,1382.0,1.0,3.0,4.0,2.0,0.0,1.0,0.0,26.0,2.0,1.0,2.0,2.0,1.0,1.0,0.0,b'good'
873,3.0,15.0,2.0,4.0,874.0,4.0,1.0,4.0,1.0,0.0,1.0,0.0,24.0,2.0,1.0,1.0,2.0,1.0,0.0,0.0,b'good'
874,0.0,12.0,2.0,2.0,3590.0,0.0,2.0,2.0,2.0,1.0,2.0,1.0,29.0,2.0,1.0,1.0,1.0,2.0,0.0,0.0,b'good'
875,1.0,11.0,4.0,0.0,1322.0,3.0,2.0,4.0,1.0,0.0,4.0,2.0,40.0,2.0,1.0,2.0,2.0,1.0,0.0,0.0,b'good'
876,0.0,18.0,1.0,3.0,1940.0,0.0,1.0,3.0,2.0,1.0,4.0,3.0,36.0,0.0,2.0,1.0,3.0,1.0,1.0,0.0,b'good'
877,3.0,36.0,2.0,3.0,3595.0,0.0,4.0,4.0,2.0,0.0,2.0,2.0,28.0,2.0,1.0,1.0,2.0,1.0,0.0,0.0,b'good'
878,0.0,9.0,2.0,0.0,1422.0,0.0,1.0,3.0,2.0,0.0,2.0,3.0,27.0,2.0,2.0,1.0,3.0,1.0,1.0,0.0,b'bad'
879,3.0,30.0,4.0,3.0,6742.0,4.0,3.0,2.0,2.0,0.0,3.0,1.0,36.0,2.0,1.0,2.0,2.0,1.0,0.0,0.0,b'good'
880,3.0,24.0,2.0,1.0,7814.0,0.0,3.0,3.0,2.0,0.0,3.0,2.0,38.0,2.0,1.0,1.0,3.0,1.0,1.0,0.0,b'good'
881,3.0,24.0,2.0,1.0,9277.0,4.0,2.0,2.0,0.0,0.0,4.0,3.0,48.0,2.0,2.0,1.0,2.0,1.0,1.0,0.0,b'good'
882,1.0,30.0,4.0,0.0,2181.0,4.0,4.0,4.0,2.0,0.0,4.0,0.0,36.0,2.0,1.0,2.0,2.0,1.0,0.0,0.0,b'good'
883,3.0,18.0,4.0,3.0,1098.0,0.0,0.0,4.0,1.0,0.0,4.0,2.0,65.0,2.0,1.0,2.0,0.0,1.0,0.0,0.0,b'good'
884,1.0,24.0,2.0,2.0,4057.0,0.0,3.0,3.0,0.0,0.0,3.0,2.0,43.0,2.0,1.0,1.0,2.0,1.0,1.0,0.0,b'bad'
885,0.0,12.0,2.0,6.0,795.0,0.0,1.0,4.0,1.0,0.0,4.0,1.0,53.0,2.0,1.0,1.0,2.0,1.0,0.0,0.0,b'bad'
886,1.0,24.0,4.0,9.0,2825.0,4.0,3.0,4.0,2.0,0.0,3.0,3.0,34.0,2.0,1.0,2.0,2.0,2.0,1.0,0.0,b'good'
887,1.0,48.0,2.0,9.0,15672.0,0.0,2.0,2.0,2.0,0.0,2.0,2.0,23.0,2.0,1.0,1.0,2.0,1.0,1.0,0.0,b'bad'
888,3.0,36.0,4.0,0.0,6614.0,0.0,4.0,4.0,2.0,0.0,4.0,2.0,34.0,2.0,1.0,2.0,3.0,1.0,1.0,0.0,b'good'
889,3.0,28.0,1.0,1.0,7824.0,4.0,1.0,3.0,2.0,2.0,4.0,0.0,40.0,0.0,0.0,2.0,2.0,2.0,1.0,0.0,b'good'
890,0.0,27.0,4.0,9.0,2442.0,0.0,4.0,4.0,2.0,0.0,4.0,2.0,43.0,1.0,1.0,4.0,3.0,2.0,1.0,0.0,b'good'
891,3.0,15.0,4.0,3.0,1829.0,0.0,4.0,4.0,2.0,0.0,4.0,2.0,46.0,2.0,1.0,2.0,2.0,1.0,1.0,0.0,b'good'
892,0.0,12.0,4.0,0.0,2171.0,0.0,2.0,4.0,2.0,0.0,4.0,1.0,38.0,0.0,1.0,2.0,1.0,1.0,0.0,1.0,b'good'
893,1.0,36.0,4.0,1.0,5800.0,0.0,2.0,3.0,2.0,0.0,4.0,2.0,34.0,2.0,1.0,2.0,2.0,1.0,1.0,0.0,b'good'
894,3.0,18.0,4.0,3.0,1169.0,4.0,2.0,4.0,2.0,0.0,3.0,1.0,29.0,2.0,1.0,2.0,2.0,1.0,1.0,0.0,b'good'
895,3.0,36.0,3.0,1.0,8947.0,4.0,3.0,3.0,2.0,0.0,2.0,2.0,31.0,1.0,1.0,1.0,3.0,2.0,1.0,0.0,b'good'
896,0.0,21.0,2.0,3.0,2606.0,0.0,1.0,4.0,1.0,0.0,4.0,1.0,28.0,2.0,0.0,1.0,3.0,1.0,1.0,0.0,b'good'
897,3.0,12.0,4.0,2.0,1592.0,3.0,3.0,3.0,1.0,0.0,2.0,1.0,35.0,2.0,1.0,1.0,2.0,1.0,0.0,1.0,b'good'
898,3.0,15.0,2.0,2.0,2186.0,4.0,3.0,1.0,1.0,0.0,4.0,0.0,33.0,0.0,0.0,1.0,1.0,1.0,0.0,0.0,b'good'
899,0.0,18.0,2.0,2.0,4153.0,0.0,2.0,2.0,2.0,1.0,3.0,2.0,42.0,2.0,1.0,1.0,2.0,1.0,0.0,0.0,b'bad'
900,0.0,16.0,4.0,0.0,2625.0,0.0,4.0,2.0,2.0,2.0,4.0,1.0,43.0,0.0,0.0,1.0,2.0,1.0,1.0,0.0,b'bad'
901,3.0,20.0,4.0,0.0,3485.0,4.0,1.0,2.0,0.0,0.0,4.0,0.0,44.0,2.0,1.0,2.0,2.0,1.0,1.0,0.0,b'good'
902,3.0,36.0,4.0,1.0,10477.0,4.0,4.0,2.0,2.0,0.0,4.0,3.0,42.0,2.0,2.0,2.0,2.0,1.0,0.0,0.0,b'good'
903,3.0,15.0,2.0,3.0,1386.0,4.0,2.0,4.0,3.0,0.0,2.0,0.0,40.0,2.0,0.0,1.0,2.0,1.0,1.0,0.0,b'good'
904,3.0,24.0,2.0,3.0,1278.0,0.0,4.0,4.0,2.0,0.0,1.0,0.0,36.0,2.0,1.0,1.0,3.0,1.0,1.0,0.0,b'good'
905,0.0,12.0,2.0,3.0,1107.0,0.0,2.0,2.0,2.0,0.0,2.0,0.0,20.0,2.0,0.0,1.0,3.0,2.0,1.0,0.0,b'good'
906,0.0,21.0,2.0,0.0,3763.0,4.0,3.0,2.0,2.0,1.0,2.0,0.0,24.0,2.0,1.0,1.0,1.0,1.0,0.0,1.0,b'good'
907,1.0,36.0,2.0,6.0,3711.0,4.0,2.0,2.0,3.0,0.0,2.0,2.0,27.0,2.0,1.0,1.0,2.0,1.0,0.0,0.0,b'good'
908,3.0,15.0,3.0,1.0,3594.0,0.0,1.0,1.0,1.0,0.0,2.0,1.0,46.0,2.0,1.0,2.0,1.0,1.0,0.0,0.0,b'good'
909,1.0,9.0,2.0,0.0,3195.0,4.0,2.0,1.0,1.0,0.0,2.0,0.0,33.0,2.0,1.0,1.0,1.0,1.0,0.0,0.0,b'good'
910,3.0,36.0,3.0,3.0,4454.0,0.0,2.0,4.0,1.0,0.0,4.0,0.0,34.0,2.0,1.0,2.0,2.0,1.0,0.0,0.0,b'good'
911,1.0,24.0,4.0,2.0,4736.0,0.0,1.0,2.0,1.0,0.0,4.0,2.0,25.0,0.0,1.0,1.0,1.0,1.0,0.0,0.0,b'bad'
912,1.0,30.0,2.0,3.0,2991.0,4.0,4.0,2.0,1.0,0.0,4.0,2.0,25.0,2.0,1.0,1.0,2.0,1.0,0.0,0.0,b'good'
913,3.0,11.0,2.0,9.0,2142.0,3.0,4.0,1.0,0.0,0.0,2.0,0.0,28.0,2.0,1.0,1.0,2.0,1.0,1.0,0.0,b'good'
914,0.0,24.0,1.0,9.0,3161.0,0.0,2.0,4.0,2.0,0.0,2.0,1.0,31.0,2.0,0.0,1.0,2.0,1.0,1.0,0.0,b'bad'
915,1.0,48.0,0.0,10.0,18424.0,0.0,2.0,1.0,1.0,0.0,2.0,1.0,32.0,0.0,1.0,1.0,3.0,1.0,1.0,1.0,b'bad'
916,3.0,10.0,2.0,1.0,2848.0,1.0,2.0,1.0,2.0,1.0,2.0,0.0,32.0,2.0,1.0,1.0,2.0,2.0,0.0,0.0,b'good'
917,0.0,6.0,2.0,0.0,14896.0,0.0,4.0,1.0,2.0,0.0,4.0,3.0,68.0,0.0,1.0,1.0,3.0,1.0,1.0,0.0,b'bad'
918,0.0,24.0,2.0,2.0,2359.0,1.0,0.0,1.0,0.0,0.0,1.0,1.0,33.0,2.0,1.0,1.0,2.0,1.0,0.0,0.0,b'bad'
919,0.0,24.0,2.0,2.0,3345.0,0.0,4.0,4.0,2.0,0.0,2.0,1.0,39.0,2.0,0.0,1.0,3.0,1.0,1.0,0.0,b'bad'
920,3.0,18.0,4.0,2.0,1817.0,0.0,2.0,4.0,1.0,0.0,2.0,3.0,28.0,2.0,1.0,2.0,2.0,1.0,0.0,0.0,b'good'
921,3.0,48.0,3.0,3.0,12749.0,2.0,3.0,4.0,2.0,0.0,1.0,2.0,37.0,2.0,1.0,1.0,3.0,1.0,1.0,0.0,b'good'
922,0.0,9.0,2.0,3.0,1366.0,0.0,1.0,3.0,1.0,0.0,4.0,1.0,22.0,2.0,0.0,1.0,2.0,1.0,0.0,0.0,b'bad'
923,1.0,12.0,2.0,0.0,2002.0,0.0,3.0,3.0,2.0,0.0,4.0,1.0,30.0,2.0,0.0,1.0,2.0,2.0,1.0,0.0,b'good'
924,0.0,24.0,1.0,2.0,6872.0,0.0,1.0,2.0,0.0,0.0,1.0,1.0,55.0,0.0,1.0,1.0,2.0,1.0,1.0,0.0,b'bad'
925,0.0,12.0,1.0,0.0,697.0,0.0,1.0,4.0,2.0,0.0,2.0,2.0,46.0,0.0,1.0,2.0,2.0,1.0,1.0,0.0,b'bad'
926,0.0,18.0,4.0,2.0,1049.0,0.0,1.0,4.0,1.0,0.0,4.0,1.0,21.0,2.0,0.0,1.0,2.0,1.0,0.0,0.0,b'good'
927,0.0,48.0,2.0,1.0,10297.0,0.0,3.0,4.0,2.0,0.0,4.0,3.0,39.0,1.0,2.0,3.0,2.0,2.0,1.0,0.0,b'bad'
928,3.0,30.0,2.0,3.0,1867.0,4.0,4.0,4.0,2.0,0.0,4.0,2.0,58.0,2.0,1.0,1.0,2.0,1.0,1.0,0.0,b'good'
929,0.0,12.0,3.0,0.0,1344.0,0.0,2.0,4.0,2.0,0.0,2.0,0.0,43.0,2.0,1.0,2.0,1.0,2.0,0.0,0.0,b'good'
930,0.0,24.0,2.0,2.0,1747.0,0.0,1.0,4.0,2.0,1.0,1.0,1.0,24.0,2.0,1.0,1.0,1.0,1.0,0.0,1.0,b'good'
931,1.0,9.0,2.0,3.0,1670.0,0.0,1.0,4.0,1.0,0.0,2.0,2.0,22.0,2.0,1.0,1.0,2.0,1.0,1.0,0.0,b'bad'
932,3.0,9.0,4.0,0.0,1224.0,0.0,2.0,3.0,2.0,0.0,1.0,0.0,30.0,2.0,1.0,2.0,2.0,1.0,0.0,0.0,b'good'
933,3.0,12.0,4.0,3.0,522.0,2.0,4.0,4.0,2.0,0.0,4.0,1.0,42.0,2.0,1.0,2.0,2.0,2.0,1.0,0.0,b'good'
934,0.0,12.0,2.0,3.0,1498.0,0.0,2.0,4.0,1.0,0.0,1.0,2.0,23.0,0.0,1.0,1.0,2.0,1.0,0.0,0.0,b'good'
935,1.0,30.0,3.0,3.0,1919.0,1.0,1.0,4.0,2.0,0.0,3.0,3.0,30.0,1.0,1.0,2.0,3.0,1.0,0.0,0.0,b'bad'
936,2.0,9.0,2.0,3.0,745.0,0.0,2.0,3.0,1.0,0.0,2.0,0.0,28.0,2.0,1.0,1.0,1.0,1.0,0.0,0.0,b'bad'
937,1.0,6.0,2.0,3.0,2063.0,0.0,1.0,4.0,3.0,0.0,3.0,2.0,30.0,2.0,0.0,1.0,3.0,1.0,1.0,0.0,b'good'
938,1.0,60.0,2.0,6.0,6288.0,0.0,2.0,4.0,2.0,0.0,4.0,3.0,42.0,2.0,2.0,1.0,2.0,1.0,0.0,0.0,b'bad'
939,3.0,24.0,4.0,1.0,6842.0,4.0,2.0,2.0,2.0,0.0,4.0,1.0,46.0,2.0,1.0,2.0,3.0,2.0,1.0,0.0,b'good'
940,3.0,12.0,2.0,0.0,3527.0,4.0,1.0,2.0,2.0,0.0,3.0,1.0,45.0,2.0,1.0,1.0,3.0,2.0,1.0,0.0,b'good'
941,3.0,10.0,2.0,0.0,1546.0,0.0,2.0,3.0,2.0,0.0,2.0,0.0,31.0,2.0,1.0,1.0,1.0,2.0,0.0,1.0,b'good'
942,3.0,24.0,2.0,2.0,929.0,4.0,3.0,4.0,2.0,0.0,2.0,2.0,31.0,1.0,1.0,1.0,2.0,1.0,1.0,0.0,b'good'
943,3.0,4.0,4.0,0.0,1455.0,0.0,3.0,2.0,2.0,0.0,1.0,0.0,42.0,2.0,1.0,3.0,1.0,2.0,0.0,0.0,b'good'
944,0.0,15.0,2.0,2.0,1845.0,0.0,1.0,4.0,1.0,2.0,1.0,1.0,46.0,2.0,0.0,1.0,2.0,1.0,0.0,0.0,b'good'
945,1.0,48.0,0.0,0.0,8358.0,2.0,1.0,1.0,1.0,0.0,1.0,2.0,30.0,2.0,1.0,2.0,2.0,1.0,0.0,0.0,b'good'
946,0.0,24.0,1.0,2.0,3349.0,2.0,1.0,4.0,2.0,0.0,4.0,3.0,30.0,2.0,2.0,1.0,2.0,2.0,1.0,0.0,b'bad'
947,3.0,12.0,2.0,0.0,2859.0,4.0,0.0,4.0,2.0,0.0,4.0,3.0,38.0,2.0,1.0,1.0,3.0,1.0,1.0,0.0,b'good'
948,3.0,18.0,2.0,2.0,1533.0,0.0,1.0,4.0,3.0,1.0,1.0,1.0,43.0,2.0,1.0,1.0,1.0,2.0,0.0,0.0,b'bad'
949,3.0,24.0,2.0,3.0,3621.0,1.0,4.0,2.0,2.0,0.0,4.0,2.0,31.0,2.0,1.0,2.0,2.0,1.0,0.0,0.0,b'bad'
950,1.0,18.0,4.0,9.0,3590.0,0.0,0.0,3.0,3.0,0.0,3.0,2.0,40.0,2.0,1.0,3.0,0.0,2.0,1.0,0.0,b'good'
951,0.0,36.0,3.0,9.0,2145.0,0.0,3.0,2.0,2.0,0.0,1.0,2.0,24.0,2.0,1.0,2.0,2.0,1.0,1.0,0.0,b'bad'
952,1.0,24.0,2.0,1.0,4113.0,2.0,1.0,3.0,1.0,0.0,4.0,2.0,28.0,2.0,0.0,1.0,2.0,1.0,0.0,0.0,b'bad'
953,3.0,36.0,2.0,2.0,10974.0,0.0,0.0,4.0,1.0,0.0,2.0,2.0,26.0,2.0,1.0,2.0,3.0,1.0,1.0,0.0,b'bad'
954,0.0,12.0,2.0,0.0,1893.0,0.0,2.0,4.0,1.0,2.0,4.0,1.0,29.0,2.0,1.0,1.0,2.0,1.0,1.0,0.0,b'good'
955,0.0,24.0,4.0,3.0,1231.0,3.0,4.0,4.0,1.0,0.0,4.0,1.0,57.0,2.0,0.0,2.0,3.0,1.0,1.0,0.0,b'good'
956,2.0,30.0,4.0,3.0,3656.0,4.0,4.0,4.0,2.0,0.0,4.0,1.0,49.0,1.0,1.0,2.0,1.0,1.0,0.0,0.0,b'good'
957,1.0,9.0,4.0,3.0,1154.0,0.0,4.0,2.0,2.0,0.0,4.0,0.0,37.0,2.0,1.0,3.0,1.0,1.0,0.0,0.0,b'good'
958,0.0,28.0,2.0,0.0,4006.0,0.0,2.0,3.0,2.0,0.0,2.0,2.0,45.0,2.0,1.0,1.0,1.0,1.0,0.0,0.0,b'bad'
959,1.0,24.0,2.0,2.0,3069.0,1.0,4.0,4.0,2.0,0.0,4.0,3.0,30.0,2.0,2.0,1.0,2.0,1.0,0.0,0.0,b'good'
960,3.0,6.0,4.0,3.0,1740.0,0.0,4.0,2.0,3.0,0.0,2.0,0.0,30.0,2.0,0.0,2.0,2.0,1.0,0.0,0.0,b'good'
961,1.0,21.0,3.0,0.0,2353.0,0.0,2.0,1.0,0.0,0.0,4.0,1.0,47.0,2.0,1.0,2.0,2.0,1.0,0.0,0.0,b'good'
962,3.0,15.0,2.0,0.0,3556.0,4.0,2.0,3.0,2.0,0.0,2.0,3.0,29.0,2.0,1.0,1.0,2.0,1.0,0.0,0.0,b'good'
963,3.0,24.0,2.0,3.0,2397.0,2.0,4.0,3.0,2.0,0.0,2.0,2.0,35.0,0.0,1.0,2.0,2.0,1.0,1.0,0.0,b'bad'
964,1.0,6.0,2.0,5.0,454.0,0.0,1.0,3.0,3.0,0.0,1.0,1.0,22.0,2.0,1.0,1.0,1.0,1.0,0.0,0.0,b'good'
965,1.0,30.0,2.0,3.0,1715.0,4.0,2.0,4.0,1.0,0.0,1.0,2.0,26.0,2.0,1.0,1.0,2.0,1.0,0.0,0.0,b'good'
966,1.0,27.0,4.0,3.0,2520.0,2.0,2.0,4.0,2.0,0.0,2.0,1.0,23.0,2.0,1.0,2.0,1.0,1.0,0.0,0.0,b'bad'
967,3.0,15.0,2.0,3.0,3568.0,0.0,4.0,4.0,1.0,0.0,2.0,2.0,54.0,0.0,0.0,1.0,3.0,1.0,1.0,0.0,b'good'
968,3.0,42.0,2.0,3.0,7166.0,4.0,3.0,2.0,3.0,0.0,4.0,1.0,29.0,2.0,0.0,1.0,2.0,1.0,1.0,0.0,b'good'
969,0.0,11.0,4.0,0.0,3939.0,0.0,2.0,1.0,2.0,0.0,2.0,0.0,40.0,2.0,1.0,2.0,1.0,2.0,0.0,0.0,b'good'
970,1.0,15.0,2.0,5.0,1514.0,1.0,2.0,4.0,2.0,2.0,2.0,0.0,22.0,2.0,1.0,1.0,2.0,1.0,0.0,0.0,b'good'
971,3.0,24.0,2.0,0.0,7393.0,0.0,2.0,1.0,2.0,0.0,4.0,1.0,43.0,2.0,1.0,1.0,1.0,2.0,0.0,0.0,b'good'
972,0.0,24.0,1.0,0.0,1193.0,0.0,0.0,1.0,1.0,1.0,4.0,3.0,29.0,2.0,0.0,2.0,0.0,1.0,0.0,0.0,b'bad'
973,0.0,60.0,2.0,9.0,7297.0,0.0,4.0,4.0,2.0,1.0,4.0,3.0,36.0,2.0,0.0,1.0,2.0,1.0,0.0,0.0,b'bad'
974,3.0,30.0,4.0,3.0,2831.0,0.0,2.0,4.0,1.0,0.0,2.0,2.0,33.0,2.0,1.0,1.0,2.0,1.0,1.0,0.0,b'good'
975,2.0,24.0,2.0,3.0,1258.0,2.0,2.0,3.0,1.0,0.0,3.0,2.0,57.0,2.0,1.0,1.0,1.0,1.0,0.0,0.0,b'good'
976,1.0,6.0,2.0,3.0,753.0,0.0,2.0,2.0,1.0,2.0,3.0,0.0,64.0,2.0,1.0,1.0,2.0,1.0,0.0,0.0,b'good'
977,1.0,18.0,3.0,9.0,2427.0,4.0,4.0,4.0,2.0,0.0,2.0,1.0,42.0,2.0,1.0,2.0,2.0,1.0,0.0,0.0,b'good'
978,3.0,24.0,3.0,0.0,2538.0,0.0,4.0,4.0,2.0,0.0,4.0,2.0,47.0,2.0,1.0,2.0,1.0,2.0,0.0,0.0,b'bad'
979,1.0,15.0,1.0,0.0,1264.0,1.0,2.0,2.0,3.0,0.0,2.0,1.0,25.0,2.0,0.0,1.0,2.0,1.0,0.0,0.0,b'bad'
980,1.0,30.0,4.0,2.0,8386.0,0.0,3.0,2.0,2.0,0.0,2.0,1.0,49.0,2.0,1.0,1.0,2.0,1.0,0.0,0.0,b'bad'
981,3.0,48.0,2.0,9.0,4844.0,0.0,0.0,3.0,2.0,0.0,2.0,2.0,33.0,0.0,0.0,1.0,3.0,1.0,1.0,0.0,b'bad'
982,2.0,21.0,2.0,0.0,2923.0,1.0,2.0,1.0,1.0,0.0,1.0,2.0,28.0,0.0,1.0,1.0,3.0,1.0,1.0,0.0,b'good'
983,0.0,36.0,2.0,1.0,8229.0,0.0,2.0,2.0,2.0,0.0,2.0,1.0,26.0,2.0,1.0,1.0,2.0,2.0,0.0,0.0,b'bad'
984,3.0,24.0,4.0,2.0,2028.0,0.0,3.0,2.0,2.0,0.0,2.0,1.0,30.0,2.0,1.0,2.0,1.0,1.0,0.0,0.0,b'good'
985,0.0,15.0,4.0,2.0,1433.0,0.0,2.0,4.0,1.0,0.0,3.0,1.0,25.0,2.0,0.0,2.0,2.0,1.0,0.0,0.0,b'good'
986,2.0,42.0,0.0,9.0,6289.0,0.0,1.0,2.0,0.0,0.0,1.0,1.0,33.0,2.0,1.0,2.0,2.0,1.0,0.0,0.0,b'good'
987,3.0,13.0,2.0,3.0,1409.0,1.0,0.0,2.0,1.0,0.0,4.0,0.0,64.0,2.0,1.0,1.0,2.0,1.0,0.0,0.0,b'good'
988,0.0,24.0,2.0,1.0,6579.0,0.0,0.0,4.0,2.0,0.0,2.0,3.0,29.0,2.0,2.0,1.0,3.0,1.0,1.0,0.0,b'good'
989,1.0,24.0,4.0,3.0,1743.0,0.0,4.0,4.0,2.0,0.0,2.0,1.0,48.0,2.0,1.0,2.0,1.0,1.0,0.0,0.0,b'good'
990,3.0,12.0,4.0,6.0,3565.0,4.0,1.0,2.0,2.0,0.0,1.0,1.0,37.0,2.0,1.0,2.0,1.0,2.0,0.0,0.0,b'good'
991,3.0,15.0,1.0,3.0,1569.0,1.0,4.0,4.0,2.0,0.0,4.0,2.0,34.0,0.0,1.0,1.0,1.0,2.0,0.0,0.0,b'good'
992,0.0,18.0,2.0,3.0,1936.0,4.0,3.0,2.0,3.0,0.0,4.0,2.0,23.0,2.0,0.0,2.0,1.0,1.0,0.0,0.0,b'good'
993,0.0,36.0,2.0,2.0,3959.0,0.0,0.0,4.0,2.0,0.0,3.0,1.0,30.0,2.0,1.0,1.0,3.0,1.0,1.0,0.0,b'good'
994,3.0,12.0,2.0,0.0,2390.0,4.0,4.0,4.0,2.0,0.0,3.0,2.0,50.0,2.0,1.0,1.0,2.0,1.0,1.0,0.0,b'good'
995,3.0,12.0,2.0,2.0,1736.0,0.0,3.0,3.0,1.0,0.0,4.0,0.0,31.0,2.0,1.0,1.0,1.0,1.0,0.0,0.0,b'good'
996,0.0,30.0,2.0,1.0,3857.0,0.0,2.0,4.0,0.0,0.0,4.0,1.0,40.0,2.0,1.0,1.0,3.0,1.0,1.0,0.0,b'good'
997,3.0,12.0,2.0,3.0,804.0,0.0,4.0,4.0,2.0,0.0,4.0,2.0,38.0,2.0,1.0,1.0,2.0,1.0,0.0,0.0,b'good'
998,0.0,45.0,2.0,3.0,1845.0,0.0,2.0,4.0,2.0,0.0,4.0,3.0,23.0,2.0,2.0,1.0,2.0,1.0,1.0,0.0,b'bad'
999,1.0,45.0,4.0,1.0,4576.0,1.0,0.0,3.0,2.0,0.0,4.0,2.0,27.0,2.0,1.0,1.0,2.0,1.0,0.0,0.0,b'good'
